Date,Type,Weather,Model_Type,Infrastructural impact,Agricultural impact,Ecological impact,Economic impact,Societal impact,Human Health impact,Political impact
18800116,historical,,Classification-GPT4,1,0,1,1,1,0,0
18800116,historical,,Classification-GPT4o-mini,1,0,0,1,1,0,0
18800120,historical,,Classification-GPT4,0,1,0,1,0,0,0
18800120,historical,,Classification-GPT4o-mini,0,1,1,1,0,0,0
18800121,historical,,Classification-GPT4,1,1,0,1,1,1,0
18800121,historical,,Classification-GPT4o-mini,1,0,0,1,1,1,0
18800219,historical,,Classification-GPT4,0,1,0,1,0,0,0
18800219,historical,,Classification-GPT4o-mini,0,1,0,1,0,0,0
18800403,historical,,Classification-GPT4,0,1,1,1,1,0,0
18800403,historical,,Classification-GPT4o-mini,0,1,1,1,0,0,0
18800408,historical,,Classification-GPT4,1,0,0,0,1,1,0
18800408,historical,,Classification-GPT4o-mini,1,0,0,0,1,0,0
18800415,historical,,Classification-GPT4,0,1,1,0,1,0,0
18800415,historical,,Classification-GPT4o-mini,0,1,1,0,1,0,0
18830312,historical,,Classification-GPT4,1,0,0,1,1,1,0
18830312,historical,,Classification-GPT4o-mini,1,1,0,1,1,1,0
18940213,historical,,Classification-GPT4,1,0,0,1,1,1,0
18940213,historical,,Classification-GPT4o-mini,1,0,0,1,1,1,0
18950819,historical,,Classification-GPT4,1,0,0,1,1,1,0
18950819,historical,,Classification-GPT4o-mini,1,1,0,1,1,1,0
18930710,historical,,Classification-GPT4,0,0,0,0,1,1,0
18930710,historical,,Classification-GPT4o-mini,0,0,0,0,1,1,0
18920615,historical,,Classification-GPT4,1,0,0,1,1,1,0
18920615,historical,,Classification-GPT4o-mini,1,0,0,1,1,1,0
18920223,historical,,Classification-GPT4,1,0,0,1,1,1,1
18920223,historical,,Classification-GPT4o-mini,1,0,0,1,1,1,1
18910908,historical,,Classification-GPT4,1,1,0,1,0,1,0
18910908,historical,,Classification-GPT4o-mini,1,1,0,1,1,1,0
18961014,historical,,Classification-GPT4,1,1,1,1,1,1,0
18961014,historical,,Classification-GPT4o-mini,1,0,1,1,1,0,0
18930830,historical,,Classification-GPT4,1,1,1,1,1,1,0
18930830,historical,,Classification-GPT4o-mini,1,1,1,1,1,1,0
18860106,historical,,Classification-GPT4,1,0,1,1,1,0,1
18860106,historical,,Classification-GPT4o-mini,1,0,1,1,1,0,0
18950819,historical,,Classification-GPT4,1,1,0,1,1,1,0
18950819,historical,,Classification-GPT4o-mini,1,1,0,1,1,1,0
18890805,historical,,Classification-GPT4,1,1,1,1,1,1,0
18890805,historical,,Classification-GPT4o-mini,1,1,1,1,1,1,0
18830205,historical,,Classification-GPT4,1,1,1,1,1,1,0
18830205,historical,,Classification-GPT4o-mini,1,0,1,1,1,1,0
18880903,historical,,Classification-GPT4,0,1,0,1,0,1,0
18880903,historical,,Classification-GPT4o-mini,0,1,0,1,0,1,0
18840912,historical,,Classification-GPT4,1,1,1,1,1,1,0
18840912,historical,,Classification-GPT4o-mini,1,1,1,1,1,1,0
18841230,historical,,Classification-GPT4,1,1,1,1,1,0,0
18841230,historical,,Classification-GPT4o-mini,1,1,1,1,1,0,0
18900206,historical,,Classification-GPT4,1,1,1,1,1,0,1
18900206,historical,,Classification-GPT4o-mini,1,1,1,1,1,0,1
18951011,historical,,Classification-GPT4,1,0,0,1,1,0,1
18951011,historical,,Classification-GPT4o-mini,1,0,0,1,1,0,1
18980623,historical,,Classification-GPT4,0,1,0,0,0,0,0
18980623,historical,,Classification-GPT4o-mini,0,1,0,0,0,0,0
18940213,historical,,Classification-GPT4,1,1,0,1,1,1,0
18940213,historical,,Classification-GPT4o-mini,1,1,0,1,1,1,0
18980207,historical,,Classification-GPT4,1,0,0,1,1,1,0
18980207,historical,,Classification-GPT4o-mini,1,0,0,1,1,1,0
18950515,historical,,Classification-GPT4,0,1,0,1,0,0,0
18950515,historical,,Classification-GPT4o-mini,0,1,0,1,0,0,0
18981128,historical,,Classification-GPT4,1,0,0,1,1,1,0
18981128,historical,,Classification-GPT4o-mini,1,0,0,1,1,1,0
18981124,historical,,Classification-GPT4,1,0,0,1,1,0,0
18981124,historical,,Classification-GPT4o-mini,1,1,0,1,1,0,0
18820222,historical,,Classification-GPT4,1,0,0,1,1,1,0
18820222,historical,,Classification-GPT4o-mini,1,0,0,1,1,1,0
18860123,historical,,Classification-GPT4,1,1,0,1,1,1,0
18860123,historical,,Classification-GPT4o-mini,1,0,0,0,1,1,0
18830321,historical,,Classification-GPT4,1,1,0,1,1,0,1
18830321,historical,,Classification-GPT4o-mini,1,1,0,1,1,1,1
18870329,historical,,Classification-GPT4,1,0,0,1,1,0,1
18870329,historical,,Classification-GPT4o-mini,1,0,0,1,1,0,1
18870301,historical,,Classification-GPT4,1,1,0,1,1,1,1
18870301,historical,,Classification-GPT4o-mini,1,1,0,1,1,1,1
18890408,historical,,Classification-GPT4,1,0,0,0,1,0,0
18890408,historical,,Classification-GPT4o-mini,1,0,0,0,1,0,0
18860205,historical,,Classification-GPT4,1,1,0,1,1,1,0
18860205,historical,,Classification-GPT4o-mini,1,1,0,1,1,1,0
18950515,historical,,Classification-GPT4,0,1,0,1,0,0,0
18950515,historical,,Classification-GPT4o-mini,0,1,0,1,1,0,0
18850404,historical,,Classification-GPT4,1,1,1,1,1,1,0
18850404,historical,,Classification-GPT4o-mini,1,1,0,1,1,1,0
18980321,historical,,Classification-GPT4,1,0,1,1,1,0,0
18980321,historical,,Classification-GPT4o-mini,1,0,0,1,1,0,0
18841107,historical,,Classification-GPT4,1,0,0,1,1,1,0
18841107,historical,,Classification-GPT4o-mini,1,0,0,1,1,1,0
18960101,historical,,Classification-GPT4,1,0,1,1,1,1,0
18960101,historical,,Classification-GPT4o-mini,1,0,0,1,1,1,0
18870822,historical,,Classification-GPT4,1,1,0,1,0,1,1
18870822,historical,,Classification-GPT4o-mini,1,1,0,1,0,1,1
18860419,historical,,Classification-GPT4,1,0,1,1,1,1,1
18860419,historical,,Classification-GPT4o-mini,1,1,1,1,1,1,1
18860407,historical,,Classification-GPT4,1,0,0,1,1,1,1
18860407,historical,,Classification-GPT4o-mini,1,0,0,1,1,1,1
18870425,historical,,Classification-GPT4,1,0,1,1,1,1,1
18870425,historical,,Classification-GPT4o-mini,1,0,1,1,1,1,1
18990114,historical,,Classification-GPT4,1,0,0,1,1,1,0
18990114,historical,,Classification-GPT4o-mini,1,0,0,1,1,1,0
18981019,historical,,Classification-GPT4,1,0,0,1,1,1,0
18981019,historical,,Classification-GPT4o-mini,1,0,0,1,1,1,0
18990925,historical,,Classification-GPT4,1,1,1,1,1,0,0
18990925,historical,,Classification-GPT4o-mini,1,1,1,0,0,0,0
18800623,historical,,Classification-GPT4,1,0,0,0,0,1,0
18800623,historical,,Classification-GPT4o-mini,1,0,0,0,0,1,0
18961023,historical,,Classification-GPT4,1,0,0,0,1,0,0
18961023,historical,,Classification-GPT4o-mini,1,0,0,0,1,0,0
18971227,historical,,Classification-GPT4,0,1,0,1,0,0,0
18971227,historical,,Classification-GPT4o-mini,0,1,0,1,0,0,0
18841107,historical,,Classification-GPT4,1,0,0,1,1,1,0
18841107,historical,,Classification-GPT4o-mini,1,0,0,1,1,1,0
18901203,historical,,Classification-GPT4,1,1,0,1,1,0,0
18901203,historical,,Classification-GPT4o-mini,1,1,0,1,1,0,0
18910310,historical,,Classification-GPT4,1,0,1,1,1,1,0
18910310,historical,,Classification-GPT4o-mini,1,0,1,1,1,1,0
18911214,historical,,Classification-GPT4,1,0,0,1,1,1,0
18911214,historical,,Classification-GPT4o-mini,1,0,0,1,1,1,0
18990109,historical,,Classification-GPT4,1,0,0,1,1,0,0
18990109,historical,,Classification-GPT4o-mini,1,0,0,1,1,0,0
18820222,historical,,Classification-GPT4,1,0,0,1,1,0,0
18820222,historical,,Classification-GPT4o-mini,1,0,0,1,1,0,0
18981124,historical,,Classification-GPT4,1,1,0,1,1,0,0
18981124,historical,,Classification-GPT4o-mini,1,1,0,1,1,0,0
18871229,historical,,Classification-GPT4,1,0,0,1,1,0,1
18871229,historical,,Classification-GPT4o-mini,1,0,0,1,1,0,1
18840128,historical,,Classification-GPT4,1,0,0,1,1,1,0
18840128,historical,,Classification-GPT4o-mini,1,0,0,1,1,1,0
18840303,historical,,Classification-GPT4,1,0,0,0,1,0,0
18840303,historical,,Classification-GPT4o-mini,1,0,0,0,1,0,0
18940213,historical,,Classification-GPT4,1,1,0,1,1,1,0
18940213,historical,,Classification-GPT4o-mini,1,1,0,1,1,1,0
18910127,historical,,Classification-GPT4,1,0,0,1,1,0,0
18910127,historical,,Classification-GPT4o-mini,1,0,0,1,1,0,0
18940410,historical,,Classification-GPT4,1,0,0,1,1,0,0
18940410,historical,,Classification-GPT4o-mini,1,0,0,1,1,0,0
18940217,historical,,Classification-GPT4,1,1,0,1,1,1,0
18940217,historical,,Classification-GPT4o-mini,1,1,0,1,1,1,0
18981128,historical,,Classification-GPT4,1,0,0,1,0,1,0
18981128,historical,,Classification-GPT4o-mini,1,0,0,1,0,1,0
18860423,historical,,Classification-GPT4,1,0,0,1,1,1,1
18860423,historical,,Classification-GPT4o-mini,1,0,0,1,1,1,1
18860125,historical,,Classification-GPT4,1,1,0,1,1,1,0
18860125,historical,,Classification-GPT4o-mini,1,1,1,1,1,1,0
18970625,historical,,Classification-GPT4,1,0,0,1,1,0,0
18970625,historical,,Classification-GPT4o-mini,1,0,0,1,1,0,0
18930314,historical,,Classification-GPT4,1,0,0,1,1,1,0
18930314,historical,,Classification-GPT4o-mini,1,1,1,1,1,1,0
18860426,historical,,Classification-GPT4,1,0,0,1,1,1,1
18860426,historical,,Classification-GPT4o-mini,1,0,0,1,1,1,1
18850427,historical,,Classification-GPT4,1,1,1,1,1,1,1
18850427,historical,,Classification-GPT4o-mini,1,1,1,1,1,1,1
18830607,historical,,Classification-GPT4,1,0,0,1,1,1,1
18830607,historical,,Classification-GPT4o-mini,1,0,0,1,1,1,1
18971130,historical,,Classification-GPT4,1,0,0,1,1,1,0
18971130,historical,,Classification-GPT4o-mini,1,0,0,1,1,1,1
18940612,historical,,Classification-GPT4,1,1,1,1,1,1,1
18940612,historical,,Classification-GPT4o-mini,1,1,1,1,1,0,1
18880927,historical,,Classification-GPT4,1,0,0,1,1,1,1
18880927,historical,,Classification-GPT4o-mini,1,0,0,1,1,1,1
18990510,historical,,Classification-GPT4,0,1,0,1,0,0,0
18990510,historical,,Classification-GPT4o-mini,0,1,0,1,0,0,0
18950417,historical,,Classification-GPT4,1,0,0,1,1,0,0
18950417,historical,,Classification-GPT4o-mini,1,0,0,1,1,0,0
18870423,historical,,Classification-GPT4,1,0,1,1,1,0,1
18870423,historical,,Classification-GPT4o-mini,1,0,1,1,1,0,1
18860116,historical,,Classification-GPT4,1,0,0,1,1,0,1
18860116,historical,,Classification-GPT4o-mini,1,0,0,1,1,0,1
19980109,modern,,Classification-GPT4,1,0,1,1,1,0,1
19980109,modern,,Classification-GPT4o-mini,1,0,1,1,1,0,1
20001106,modern,,Classification-GPT4,1,0,0,1,1,0,1
20001106,modern,,Classification-GPT4o-mini,1,0,0,1,1,0,1
19980124,modern,,Classification-GPT4,1,0,1,1,1,1,1
19980124,modern,,Classification-GPT4o-mini,1,0,1,1,1,1,1
20040906,modern,,Classification-GPT4,1,0,0,1,1,1,0
20040906,modern,,Classification-GPT4o-mini,1,0,0,1,1,1,0
20080424,modern,,Classification-GPT4,1,0,1,1,1,0,1
20080424,modern,,Classification-GPT4o-mini,1,0,1,1,1,0,1
19980114,modern,,Classification-GPT4,1,0,0,1,1,1,1
19980114,modern,,Classification-GPT4o-mini,1,0,0,1,1,1,1
19960724,modern,,Classification-GPT4,1,0,1,1,1,1,1
19960724,modern,,Classification-GPT4o-mini,1,0,0,1,1,1,1
19930731,modern,,Classification-GPT4,1,1,1,1,1,1,0
19930731,modern,,Classification-GPT4o-mini,1,1,1,1,1,1,0
20000715,modern,,Classification-GPT4,1,0,0,1,1,1,1
20000715,modern,,Classification-GPT4o-mini,1,0,0,1,1,1,1
20070626,modern,,Classification-GPT4,1,1,1,1,1,1,1
20070626,modern,,Classification-GPT4o-mini,1,1,1,1,1,1,1
20061203,modern,,Classification-GPT4,1,0,0,1,1,1,0
20061203,modern,,Classification-GPT4o-mini,1,0,0,1,1,1,0
19990108,modern,,Classification-GPT4,1,0,0,1,1,1,0
19990108,modern,,Classification-GPT4o-mini,1,0,0,1,1,1,1
19980912,modern,,Classification-GPT4,1,0,1,1,1,1,1
19980912,modern,,Classification-GPT4o-mini,1,0,1,1,1,1,0
20080105,modern,,Classification-GPT4,1,1,1,1,1,1,1
20080105,modern,,Classification-GPT4o-mini,1,1,1,1,1,1,1
19951006,modern,,Classification-GPT4,1,0,0,1,1,0,0
19951006,modern,,Classification-GPT4o-mini,1,0,0,1,1,0,0
20020821,modern,,Classification-GPT4,1,1,1,1,1,1,0
20020821,modern,,Classification-GPT4o-mini,1,1,1,1,1,1,0
19901112,modern,,Classification-GPT4,1,1,1,1,1,1,1
19901112,modern,,Classification-GPT4o-mini,1,1,1,1,1,1,1
19901222,modern,,Classification-GPT4,0,1,1,1,1,0,1
19901222,modern,,Classification-GPT4o-mini,0,1,1,1,1,0,1
19931113,modern,,Classification-GPT4,1,1,1,1,1,0,1
19931113,modern,,Classification-GPT4o-mini,1,1,1,1,1,0,1
19900422,modern,,Classification-GPT4,0,1,1,1,0,0,1
19900422,modern,,Classification-GPT4o-mini,0,1,1,1,0,0,1
19910317,modern,,Classification-GPT4,0,1,0,1,1,1,1
19910317,modern,,Classification-GPT4o-mini,0,1,0,1,1,1,1
19950630,modern,,Classification-GPT4,0,1,1,1,1,0,0
19950630,modern,,Classification-GPT4o-mini,0,1,1,1,1,0,0
19990522,modern,,Classification-GPT4,0,1,1,0,0,0,1
19990522,modern,,Classification-GPT4o-mini,0,1,1,0,0,0,1
19970419,modern,,Classification-GPT4,0,1,1,1,1,0,1
19970419,modern,,Classification-GPT4o-mini,0,1,1,1,1,0,1
19980502,modern,,Classification-GPT4,0,1,0,1,1,1,1
19980502,modern,,Classification-GPT4o-mini,0,1,0,1,1,0,1
19920330,modern,,Classification-GPT4,0,1,0,1,1,1,0
19920330,modern,,Classification-GPT4o-mini,0,1,0,1,1,1,0
19980404,modern,,Classification-GPT4,1,1,1,1,1,0,1
19980404,modern,,Classification-GPT4o-mini,1,1,1,1,1,0,1
19921010,modern,,Classification-GPT4,0,1,1,0,0,0,1
19921010,modern,,Classification-GPT4o-mini,0,1,1,0,0,0,1
19940219,modern,,Classification-GPT4,0,0,0,0,0,0,0
19940219,modern,,Classification-GPT4o-mini,0,0,0,0,0,0,0
19900624,modern,,Classification-GPT4,1,0,0,1,1,1,0
19900624,modern,,Classification-GPT4o-mini,1,0,0,0,1,1,0
19900422,modern,,Classification-GPT4,0,1,1,1,1,0,1
19900422,modern,,Classification-GPT4o-mini,0,1,1,1,0,0,1
19900616,modern,,Classification-GPT4,1,0,0,1,1,1,1
19900616,modern,,Classification-GPT4o-mini,1,0,0,1,1,1,1
19901215,modern,,Classification-GPT4,0,0,1,0,1,1,1
19901215,modern,,Classification-GPT4o-mini,0,0,1,1,1,1,1
19900421,modern,,Classification-GPT4,0,1,1,1,1,0,1
19900421,modern,,Classification-GPT4o-mini,0,1,1,1,1,1,1
19900513,modern,,Classification-GPT4,1,1,1,1,1,1,1
19900513,modern,,Classification-GPT4o-mini,1,1,1,1,1,1,0
19930711,modern,,Classification-GPT4,0,0,0,0,1,1,0
19930711,modern,,Classification-GPT4o-mini,0,0,0,0,1,1,0
20060802,modern,,Classification-GPT4,1,0,0,1,1,1,0
20060802,modern,,Classification-GPT4o-mini,1,0,0,1,1,1,0
20070626,modern,,Classification-GPT4,1,1,1,1,1,1,1
20070626,modern,,Classification-GPT4o-mini,1,1,1,1,1,1,1
20030628,modern,,Classification-GPT4,0,0,0,0,0,0,0
20030628,modern,,Classification-GPT4o-mini,0,0,0,1,1,1,0
19950618,modern,,Classification-GPT4,0,0,1,0,1,1,0
19950618,modern,,Classification-GPT4o-mini,0,0,1,0,1,1,0
20020819,modern,,Classification-GPT4,0,0,0,0,1,1,0
20020819,modern,,Classification-GPT4o-mini,0,0,0,0,1,1,0
19930708,modern,,Classification-GPT4,0,0,0,0,1,1,0
19930708,modern,,Classification-GPT4o-mini,0,0,0,0,1,1,0
19950614,modern,,Classification-GPT4,1,0,0,0,1,1,0
19950614,modern,,Classification-GPT4o-mini,1,0,0,0,1,1,0
19901205,modern,,Classification-GPT4,1,0,0,1,1,0,0
19901205,modern,,Classification-GPT4o-mini,1,0,0,1,1,0,0
20090108,modern,,Classification-GPT4,1,0,0,0,1,1,0
20090108,modern,,Classification-GPT4o-mini,1,0,0,1,1,1,0
20000413,modern,,Classification-GPT4,0,0,1,1,1,0,0
20000413,modern,,Classification-GPT4o-mini,0,1,1,1,1,0,0
19910302,modern,,Classification-GPT4,1,0,0,1,1,1,0
19910302,modern,,Classification-GPT4o-mini,1,0,0,1,1,1,0
19930318,modern,,Classification-GPT4,1,0,0,0,1,0,1
19930318,modern,,Classification-GPT4o-mini,1,0,0,1,1,0,1
19970625,modern,,Classification-GPT4,1,0,0,1,1,0,0
19970625,modern,,Classification-GPT4o-mini,1,0,0,1,1,0,0
20080109,modern,,Classification-GPT4,1,0,0,0,1,0,0
20080109,modern,,Classification-GPT4o-mini,1,0,0,1,1,0,1
19940318,modern,,Classification-GPT4,1,0,0,0,1,0,0
19940318,modern,,Classification-GPT4o-mini,1,0,0,0,0,0,0
19990117,modern,,Classification-GPT4,1,0,0,1,1,0,0
19990117,modern,,Classification-GPT4o-mini,1,0,0,1,1,0,0
19951231,modern,,Classification-GPT4,1,0,1,1,1,1,1
19951231,modern,,Classification-GPT4o-mini,1,0,1,1,1,1,0
19980109,modern,,Classification-GPT4,1,0,0,1,1,1,0
19980109,modern,,Classification-GPT4o-mini,1,0,0,1,1,1,0
19931226,modern,,Classification-GPT4,1,0,0,0,1,0,0
19931226,modern,,Classification-GPT4o-mini,1,0,0,0,1,0,0
20071222,modern,,Classification-GPT4,1,0,0,1,1,0,1
20071222,modern,,Classification-GPT4o-mini,1,0,0,1,1,0,1
19990710,modern,,Classification-GPT4,1,1,0,1,1,1,1
19990710,modern,,Classification-GPT4o-mini,1,1,0,1,1,1,1
18801116,historical,,Classification-GPT4,0,1,0,1,0,1,0
18801116,historical,,Classification-GPT4o-mini,0,1,0,0,0,1,0
18861119,historical,,Classification-GPT4,0,0,0,1,0,0,0
18861119,historical,,Classification-GPT4o-mini,0,0,0,1,0,0,0
18890913,historical,,Classification-GPT4,1,0,0,1,1,0,0
18890913,historical,,Classification-GPT4o-mini,1,0,0,1,1,0,0
18891130,historical,,Classification-GPT4,1,1,0,1,1,1,0
18891130,historical,,Classification-GPT4o-mini,1,1,0,1,1,1,0
18911207,historical,,Classification-GPT4,1,1,0,1,1,0,0
18911207,historical,,Classification-GPT4o-mini,1,1,0,1,1,0,0
18921228,historical,,Classification-GPT4,1,1,1,0,1,0,0
18921228,historical,,Classification-GPT4o-mini,1,1,0,0,1,0,0
18941228,historical,,Classification-GPT4,1,0,0,1,1,1,0
18941228,historical,,Classification-GPT4o-mini,1,0,0,1,1,1,0
18981128,historical,,Classification-GPT4,1,0,0,0,1,1,0
18981128,historical,,Classification-GPT4o-mini,1,0,0,1,1,1,0
18800315,historical,,Classification-GPT4,0,1,1,1,0,1,0
18800315,historical,,Classification-GPT4o-mini,0,1,0,0,0,1,0
18851208,historical,,Classification-GPT4,0,1,0,1,1,1,0
18851208,historical,,Classification-GPT4o-mini,0,1,0,1,1,1,0
18920208,historical,,Classification-GPT4,0,0,0,0,0,1,0
18920208,historical,,Classification-GPT4o-mini,0,0,0,0,0,1,0
18950430,historical,,Classification-GPT4,0,0,0,0,0,1,0
18950430,historical,,Classification-GPT4o-mini,0,0,0,1,1,1,1
18980824,historical,,Classification-GPT4,0,1,0,1,1,1,0
18980824,historical,,Classification-GPT4o-mini,0,1,0,0,0,1,0
18820408,historical,,Classification-GPT4,1,0,0,1,1,1,0
18820408,historical,,Classification-GPT4o-mini,1,0,0,1,1,1,0
18830131,historical,,Classification-GPT4,1,1,1,1,1,1,1
18830131,historical,,Classification-GPT4o-mini,1,1,0,1,1,1,1
18870923,historical,,Classification-GPT4,1,1,0,1,0,1,0
18870923,historical,,Classification-GPT4o-mini,0,1,0,1,0,1,0
18900428,historical,,Classification-GPT4,1,0,0,1,1,1,0
18900428,historical,,Classification-GPT4o-mini,1,0,0,1,1,1,0
18920621,historical,,Classification-GPT4,1,1,0,1,0,0,0
18920621,historical,,Classification-GPT4o-mini,1,1,0,1,0,0,0
18960529,historical,,Classification-GPT4,1,0,0,1,1,1,0
18960529,historical,,Classification-GPT4o-mini,1,0,0,1,1,1,0
18811107,historical,,Classification-GPT4,1,1,0,1,1,1,1
18811107,historical,,Classification-GPT4o-mini,0,1,0,1,1,1,1
18821017,historical,,Classification-GPT4,0,1,1,1,0,0,0
18821017,historical,,Classification-GPT4o-mini,0,1,1,1,0,0,0
18830818,historical,,Classification-GPT4,0,1,0,1,0,1,0
18830818,historical,,Classification-GPT4o-mini,0,1,0,1,1,1,0
18830904,historical,,Classification-GPT4,0,1,0,1,0,1,1
18830904,historical,,Classification-GPT4o-mini,0,1,0,1,0,0,1
18860713,historical,,Classification-GPT4,0,1,1,0,0,0,0
18860713,historical,,Classification-GPT4o-mini,0,1,1,0,0,0,1
18880721,historical,,Classification-GPT4,0,1,1,1,1,0,0
18880721,historical,,Classification-GPT4o-mini,0,1,0,1,1,0,0
18890925,historical,,Classification-GPT4,0,1,0,1,0,0,0
18890925,historical,,Classification-GPT4o-mini,0,1,0,1,0,0,0
18900212,historical,,Classification-GPT4,0,1,0,1,1,1,1
18900212,historical,,Classification-GPT4o-mini,0,1,0,1,1,1,1
18910606,historical,,Classification-GPT4,0,1,0,1,0,0,0
18910606,historical,,Classification-GPT4o-mini,0,1,0,1,0,0,0
18930711,historical,,Classification-GPT4,0,1,1,1,1,1,0
18930711,historical,,Classification-GPT4o-mini,0,1,1,1,1,1,0
18950108,historical,,Classification-GPT4,0,1,0,1,1,0,0
18950108,historical,,Classification-GPT4o-mini,0,1,0,1,0,0,0
18810326,historical,,Classification-GPT4,0,0,0,0,0,1,1
18810326,historical,,Classification-GPT4o-mini,0,0,0,0,0,1,1
18870425,historical,,Classification-GPT4,0,0,0,0,0,0,0
18870425,historical,,Classification-GPT4o-mini,0,0,0,0,0,0,0
18870811,historical,,Classification-GPT4,0,0,0,0,0,0,0
18870811,historical,,Classification-GPT4o-mini,0,0,0,0,0,0,0
18880118,historical,,Classification-GPT4,1,1,1,1,1,1,0
18880118,historical,,Classification-GPT4o-mini,1,1,1,1,1,1,0
18881213,historical,,Classification-GPT4,1,1,0,1,1,1,0
18881213,historical,,Classification-GPT4o-mini,1,1,0,1,0,1,0
18890128,historical,,Classification-GPT4,0,0,1,0,0,0,0
18890128,historical,,Classification-GPT4o-mini,0,0,1,0,0,0,0
18910915,historical,,Classification-GPT4,0,1,0,0,0,1,0
18910915,historical,,Classification-GPT4o-mini,0,1,0,0,0,1,0
18920818,historical,,Classification-GPT4,0,0,0,1,0,1,0
18920818,historical,,Classification-GPT4o-mini,0,0,0,0,0,0,0
18951116,historical,,Classification-GPT4,0,1,0,1,0,0,0
18951116,historical,,Classification-GPT4o-mini,0,1,0,1,0,0,0
18970109,historical,,Classification-GPT4,1,0,0,1,1,1,1
18970109,historical,,Classification-GPT4o-mini,1,0,0,0,1,1,1
18990214,historical,,Classification-GPT4,1,0,0,1,1,1,0
18990214,historical,,Classification-GPT4o-mini,1,0,0,1,1,1,0
18991204,historical,,Classification-GPT4,0,0,0,0,1,0,0
18991204,historical,,Classification-GPT4o-mini,0,0,0,0,0,0,0
19900301,modern,,Classification-GPT4,1,0,0,1,1,1,0
19900301,modern,,Classification-GPT4o-mini,1,0,0,1,1,1,0
19911204,modern,,Classification-GPT4,1,0,0,1,1,1,0
19911204,modern,,Classification-GPT4o-mini,1,0,0,1,1,1,0
19900103,modern,,Classification-GPT4,1,1,0,1,1,0,1
19900103,modern,,Classification-GPT4o-mini,1,0,0,0,1,0,0
20090408,modern,,Classification-GPT4,0,0,0,0,0,0,0
20090408,modern,,Classification-GPT4o-mini,0,0,0,0,0,0,0
20020304,modern,,Classification-GPT4,1,0,0,1,1,1,0
20020304,modern,,Classification-GPT4o-mini,1,0,0,1,1,1,0
19971122,modern,,Classification-GPT4,1,0,0,0,0,0,1
19971122,modern,,Classification-GPT4o-mini,1,0,0,0,1,1,1
19930112,modern,,Classification-GPT4,0,0,0,0,1,1,1
19930112,modern,,Classification-GPT4o-mini,1,0,0,0,1,1,1
19910130,modern,,Classification-GPT4,0,0,0,0,1,1,0
19910130,modern,,Classification-GPT4o-mini,0,0,0,0,1,1,0
19981022,modern,,Classification-GPT4,1,0,0,1,1,0,1
19981022,modern,,Classification-GPT4o-mini,1,0,0,1,1,0,1
20100125,modern,,Classification-GPT4,1,0,1,1,1,1,1
20100125,modern,,Classification-GPT4o-mini,1,0,1,1,1,1,1
19970911,modern,,Classification-GPT4,1,0,0,0,0,0,0
19970911,modern,,Classification-GPT4o-mini,0,0,0,0,0,0,0
19900320,modern,,Classification-GPT4,1,1,0,1,1,1,0
19900320,modern,,Classification-GPT4o-mini,1,1,0,1,1,1,0
19900816,modern,,Classification-GPT4,0,0,0,1,0,0,1
19900816,modern,,Classification-GPT4o-mini,1,1,1,1,1,1,1
19900205,modern,,Classification-GPT4,1,0,1,1,1,1,1
19900205,modern,,Classification-GPT4o-mini,1,0,0,0,1,1,0
19900812,modern,,Classification-GPT4,1,1,1,1,1,1,1
19900812,modern,,Classification-GPT4o-mini,1,1,1,1,1,1,1
19910612,modern,,Classification-GPT4,1,0,0,0,0,0,0
19910612,modern,,Classification-GPT4o-mini,1,0,0,0,0,0,0
19910707,modern,,Classification-GPT4,0,0,0,0,0,0,0
19910707,modern,,Classification-GPT4o-mini,0,0,0,0,0,0,0
19911112,modern,,Classification-GPT4,1,0,0,1,1,0,1
19911112,modern,,Classification-GPT4o-mini,1,0,0,1,1,0,1
19920204,modern,,Classification-GPT4,1,0,0,1,1,1,0
19920204,modern,,Classification-GPT4o-mini,1,0,0,0,1,1,0
19920510,modern,,Classification-GPT4,0,0,0,0,0,0,0
19920510,modern,,Classification-GPT4o-mini,0,0,0,0,0,0,0
19920813,modern,,Classification-GPT4,0,1,1,1,0,0,0
19920813,modern,,Classification-GPT4o-mini,0,1,0,1,0,0,0
19920824,modern,,Classification-GPT4,1,1,0,1,1,0,0
19920824,modern,,Classification-GPT4o-mini,1,1,0,1,0,0,0
19920928,modern,,Classification-GPT4,1,0,0,1,1,1,0
19920928,modern,,Classification-GPT4o-mini,1,0,0,1,1,1,0
19930408,modern,,Classification-GPT4,1,0,0,1,1,1,0
19930408,modern,,Classification-GPT4o-mini,1,0,0,0,0,1,0
19900318,modern,,Classification-GPT4,0,0,1,0,0,1,0
19900318,modern,,Classification-GPT4o-mini,0,0,1,0,0,1,0
19900408,modern,,Classification-GPT4,1,0,0,0,1,1,0
19900408,modern,,Classification-GPT4o-mini,1,0,0,1,1,1,0
18900620,historical,,Classification-GPT4,0,0,0,0,0,1,0
18900620,historical,,Classification-GPT4o-mini,0,0,0,0,0,1,0
18900410,historical,,Classification-GPT4,1,0,0,1,1,1,0
18900410,historical,,Classification-GPT4o-mini,1,0,0,1,0,1,0
18810909,historical,,Classification-GPT4,0,1,1,1,1,0,0
18810909,historical,,Classification-GPT4o-mini,0,1,1,1,1,1,0
18840818,historical,,Classification-GPT4,1,1,1,1,1,1,0
18840818,historical,,Classification-GPT4o-mini,1,1,1,1,1,1,0
18870507,historical,,Classification-GPT4,0,0,0,1,0,1,0
18870507,historical,,Classification-GPT4o-mini,0,0,0,0,0,1,0
18880607,historical,,Classification-GPT4,1,0,0,1,1,1,0
18880607,historical,,Classification-GPT4o-mini,1,0,0,1,1,1,0
18880803,historical,,Classification-GPT4,1,1,1,1,1,1,0
18880803,historical,,Classification-GPT4o-mini,1,1,1,1,1,1,0
18890712,historical,,Classification-GPT4,1,0,0,1,1,1,0
18890712,historical,,Classification-GPT4o-mini,1,0,0,1,1,1,0
18900416,historical,,Classification-GPT4,0,1,1,1,0,0,0
18900416,historical,,Classification-GPT4o-mini,0,1,1,1,1,0,0
19920628,modern,,Classification-GPT4,1,0,1,1,1,1,0
19920628,modern,,Classification-GPT4o-mini,1,0,1,1,1,1,0
19970716,modern,,Classification-GPT4,1,0,0,1,1,0,1
19970716,modern,,Classification-GPT4o-mini,1,0,0,1,1,0,1
19980522,modern,,Classification-GPT4,1,0,0,1,1,1,0
19980522,modern,,Classification-GPT4o-mini,1,0,0,0,1,1,0
19900619,modern,,Classification-GPT4,1,0,0,1,1,0,0
19900619,modern,,Classification-GPT4o-mini,1,0,0,0,0,0,0
19900622,modern,,Classification-GPT4,0,0,0,0,0,0,0
19900622,modern,,Classification-GPT4o-mini,0,0,0,0,0,0,0
19970719,modern,,Classification-GPT4,1,1,1,1,1,1,1
19970719,modern,,Classification-GPT4o-mini,1,1,0,1,1,1,1
19920216,modern,,Classification-GPT4,1,1,1,1,1,1,0
19920216,modern,,Classification-GPT4o-mini,1,1,1,1,1,1,0
19980816,modern,,Classification-GPT4,1,1,1,1,1,1,1
19980816,modern,,Classification-GPT4o-mini,1,1,1,1,1,1,1
20001110,modern,,Classification-GPT4,1,0,0,1,1,1,1
20001110,modern,,Classification-GPT4o-mini,1,0,0,1,1,1,1
19960725,modern,,Classification-GPT4,1,0,0,1,1,1,1
19960725,modern,,Classification-GPT4o-mini,1,0,0,1,1,1,1
20070722,modern,,Classification-GPT4,1,1,1,1,1,1,1
20070722,modern,,Classification-GPT4o-mini,1,1,1,1,1,1,1
19930730,modern,,Classification-GPT4,1,0,0,1,1,0,0
19930730,modern,,Classification-GPT4o-mini,1,0,0,1,1,0,0
19970510,modern,,Classification-GPT4,1,0,0,1,1,1,1
19970510,modern,,Classification-GPT4o-mini,1,0,0,1,1,1,1
19961204,modern,,Classification-GPT4,1,0,0,1,1,1,0
19961204,modern,,Classification-GPT4o-mini,1,0,0,1,1,1,0
19961017,modern,,Classification-GPT4,1,0,0,1,1,1,1
19961017,modern,,Classification-GPT4o-mini,1,0,0,1,1,1,1
20080630,modern,,Classification-GPT4,1,0,0,1,1,0,1
20080630,modern,,Classification-GPT4o-mini,1,0,0,1,1,0,1
19961228,modern,,Classification-GPT4,1,0,1,1,1,1,1
19961228,modern,,Classification-GPT4o-mini,1,0,1,1,1,1,1
20001123,modern,,Classification-GPT4,1,1,1,1,1,1,1
20001123,modern,,Classification-GPT4o-mini,1,1,1,1,1,1,1
19900129,modern,,Classification-GPT4,0,0,0,0,1,0,0
19900129,modern,,Classification-GPT4o-mini,0,0,0,0,0,0,0
19980124,modern,,Classification-GPT4,1,0,1,1,1,1,1
19980124,modern,,Classification-GPT4o-mini,1,0,1,1,1,1,1
19980107,modern,,Classification-GPT4,1,0,0,1,1,1,0
19980107,modern,,Classification-GPT4o-mini,1,0,0,1,1,1,0
19980109,modern,,Classification-GPT4,1,0,0,1,1,1,1
19980109,modern,,Classification-GPT4o-mini,1,0,0,1,1,1,1
19990203,modern,,Classification-GPT4,1,0,0,1,1,1,1
19990203,modern,,Classification-GPT4o-mini,1,0,0,1,1,1,1
20080105,modern,,Classification-GPT4,1,1,1,1,1,1,1
20080105,modern,,Classification-GPT4o-mini,1,1,1,1,1,1,1
20071223,modern,,Classification-GPT4,1,0,0,1,1,1,0
20071223,modern,,Classification-GPT4o-mini,1,0,0,1,1,0,0
19921115,modern,,Classification-GPT4,0,0,0,0,1,1,0
19921115,modern,,Classification-GPT4o-mini,0,0,0,0,1,1,0
20020201,modern,,Classification-GPT4,1,0,0,1,1,1,0
20020201,modern,,Classification-GPT4o-mini,1,0,0,1,1,1,0
19980115,modern,,Classification-GPT4,1,0,0,1,1,1,1
19980115,modern,,Classification-GPT4o-mini,1,0,0,1,1,1,1
19980118,modern,,Classification-GPT4,1,0,0,1,1,1,0
19980118,modern,,Classification-GPT4o-mini,1,0,0,1,1,1,0
19970106,modern,,Classification-GPT4,1,0,0,1,1,1,0
19970106,modern,,Classification-GPT4o-mini,1,0,0,1,1,1,0
20070113,modern,,Classification-GPT4,1,1,1,1,1,0,1
20070113,modern,,Classification-GPT4o-mini,0,1,1,1,1,0,1
