Infrastructural Impact,Political Impact,Financial impact,Ecological Impact,Agricultural Impact,Human Health Impact,Date,ID,LabelledBy,Weather,Type
1,0,0,0,0,1.0,18800116,0,Micheal,storm,historical
0,0,0,0,0,0.0,18800120,1,Micheal,storm,historical
0,0,0,0,0,1.0,18800121,2,Micheal,storm,historical
1,0,0,0,1,0.0,18800219,3,Micheal,snowstorm,historical
1,0,0,0,0,0.0,18800403,4,Micheal,rainstorm,historical
0,0,0,0,0,0.0,18800408,5,Micheal,storm,historical
1,0,0,0,0,0.0,18800415,6,Micheal,storm,historical
0,0,0,1,0,0.0,18830312,7,Micheal,storm,historical
0,0,0,0,0,0.0,18830312,7,Micheal,storm,historical
0,0,0,0,0,0.0,18830312,7,Micheal,storm,historical
0,0,0,0,0,0.0,18830312,7,Micheal,storm,historical
0,0,1,0,0,0.0,18830312,7,Micheal,storm,historical
1,0,0,0,0,0.0,18830312,7,Micheal,Earthquake,historical
0,0,0,0,0,1.0,18830312,7,Micheal,storm,historical
0,0,0,0,0,0.0,18830312,7,Micheal,storm,historical
1,0,1,0,0,0.0,18830312,7,Micheal,storm,historical
0,0,0,0,0,0.0,18830312,7,Micheal,storm,historical
1,1,1,0,0,0.0,18940213,8,Micheal,storm,historical
1,1,0,0,0,0.0,18940213,8,Micheal,floods,historical
0,0,0,0,0,0.0,18940213,8,Micheal,floods,historical
1,1,1,1,0,1.0,18940213,8,Micheal,floods,historical
0,1,0,0,0,0.0,18940213,8,Micheal,storm,historical
0,0,0,0,0,0.0,18940213,8,Micheal,storm,historical
1,1,1,0,0,0.0,18940213,8,Micheal,storm,historical
0,0,0,0,0,0.0,18940213,8,Micheal,storm,historical
0,0,0,0,0,0.0,18940213,8,Micheal,storm,historical
1,0,0,0,1,1.0,18950819,9,Micheal,storm,historical
0,0,0,0,0,1.0,18930710,10,Micheal,storm,historical
1,0,0,0,0,1.0,18920615,11,Micheal,storm,historical
1,0,0,0,0,1.0,18920615,11,Micheal,storm & Floods,historical
1,0,0,0,0,1.0,18920615,11,Micheal,storm,historical
1,0,0,0,0,0.0,18920615,11,Micheal,storm,historical
1,0,0,1,0,0.0,18920615,11,Micheal,storm,historical
0,0,0,0,0,0.0,18920615,11,Micheal,storm,historical
0,0,0,0,0,0.0,18920615,11,Micheal,storm,historical
0,0,0,0,0,0.0,18920615,11,Micheal,storm,historical
0,0,0,0,0,0.0,18920615,11,Micheal,storm,historical
1,0,0,0,0,0.0,18920615,11,Micheal,storm,historical
1,0,1,0,0,0.0,18920615,11,Micheal,storm,historical
1,0,0,1,1,0.0,18920615,11,Micheal,storm,historical
0,0,0,0,0,0.0,18920615,11,Micheal,storm,historical
1,0,0,0,0,0.0,18920223,12,Micheal,rainstorm,historical
0,1,0,0,0,0.0,18920223,12,Micheal,floods,historical
0,0,0,0,0,0.0,18920223,12,Micheal,none,historical
0,1,0,0,0,0.0,18920223,12,Micheal,floods,historical
0,1,0,0,0,0.0,18920223,12,Micheal,floods,historical
0,0,0,0,0,0.0,18920223,12,Micheal,none,historical
0,0,0,0,0,0.0,18920223,12,Micheal,none,historical
0,0,0,0,0,0.0,18920223,12,Micheal,none,historical
0,0,0,0,0,0.0,18920223,12,Micheal,none,historical
0,0,0,0,0,0.0,18920223,12,Micheal,none,historical
0,0,0,0,0,0.0,18920223,12,Micheal,none,historical
0,0,0,0,0,0.0,18920223,12,Micheal,none,historical
0,0,0,0,0,0.0,18920223,12,Micheal,none,historical
0,0,0,0,0,0.0,18920223,12,Micheal,none,historical
0,0,0,0,0,0.0,18920223,12,Micheal,none,historical
0,0,0,0,0,0.0,18920223,12,Micheal,none,historical
0,0,0,0,0,0.0,18920223,12,Micheal,none,historical
0,0,0,0,0,0.0,18920223,12,Micheal,none,historical
0,0,0,0,0,0.0,18920223,12,Micheal,none,historical
0,0,0,0,0,0.0,18920223,12,Micheal,none,historical
0,0,0,0,0,1.0,18920223,12,Micheal,snowstorm,historical
1,0,0,0,0,1.0,18920223,12,Micheal,snowstorm,historical
1,0,0,1,0,1.0,18920223,12,Micheal,snowstorm,historical
1,0,0,0,0,1.0,18920223,12,Micheal,storm,historical
1,0,1,0,0,1.0,18920223,12,Micheal,storm & Floods,historical
0,0,0,0,0,0.0,18920223,12,Micheal,none,historical
0,0,0,0,0,0.0,18920223,12,Micheal,none,historical
0,0,0,0,0,0.0,18920223,12,Micheal,none,historical
0,0,0,0,0,0.0,18920223,12,Micheal,none,historical
0,0,0,0,0,0.0,18920223,12,Micheal,snowstorm,historical
0,0,0,0,0,0.0,18920223,12,Micheal,none,historical
0,0,0,0,0,0.0,18920223,12,Micheal,none,historical
0,0,0,0,0,0.0,18920223,12,Micheal,none,historical
0,0,0,0,0,0.0,18920223,12,Micheal,none,historical
0,0,0,0,0,0.0,18920223,12,Micheal,none,historical
0,1,0,0,0,0.0,18920223,12,Micheal,snowstorm,historical
0,0,0,0,0,0.0,18920223,12,Micheal,none,historical
1,0,1,0,0,1.0,18910908,13,Micheal,storm,historical
1,0,0,0,1,0.0,18961014,14,Micheal,storm,historical
0,0,0,0,0,0.0,18930830,15,Micheal,rain,historical
1,0,1,0,0,1.0,18930830,15,Micheal,storm,historical
1,0,1,0,0,0.0,18930830,15,Micheal,storm,historical
1,0,1,1,0,0.0,18930830,15,Micheal,storm,historical
1,0,1,0,1,0.0,18930830,15,Micheal,storm,historical
1,0,0,0,1,0.0,18930830,15,Micheal,storm,historical
0,0,0,0,0,1.0,18930830,15,Micheal,storm,historical
1,0,1,1,0,0.0,18930830,15,Micheal,rain,historical
0,0,0,0,0,0.0,18930830,15,Micheal,none,historical
0,0,0,0,0,0.0,18930830,15,Micheal,none,historical
0,0,0,0,0,0.0,18930830,15,Micheal,none,historical
0,0,0,0,0,0.0,18930830,15,Micheal,none,historical
0,0,0,0,0,0.0,18930830,15,Micheal,none,historical
0,0,0,0,0,0.0,18930830,15,Micheal,none,historical
0,0,0,0,0,0.0,18930830,15,Micheal,none,historical
0,0,0,0,0,0.0,18930830,15,Micheal,none,historical
0,0,0,0,0,0.0,18930830,15,Micheal,none,historical
0,0,0,0,0,0.0,18930830,15,Micheal,none,historical
0,0,0,0,0,0.0,18930830,15,Micheal,none,historical
0,0,0,0,0,0.0,18930830,15,Micheal,none,historical
0,0,0,0,0,0.0,18930830,15,Micheal,none,historical
0,0,0,0,0,0.0,18930830,15,Micheal,none,historical
0,0,0,0,0,0.0,18930830,15,Micheal,none,historical
0,0,0,0,0,0.0,18930830,15,Micheal,none,historical
0,0,0,0,0,0.0,18930830,15,Micheal,none,historical
0,0,0,0,0,0.0,18930830,15,Micheal,none,historical
1,0,0,0,0,1.0,18860106,16,Micheal,rain,historical
1,0,1,0,1,1.0,18950819,17,Micheal,rain,historical
1,0,0,1,1,1.0,18890805,18,Micheal,rain,historical
1,0,1,0,0,1.0,18830205,19,Micheal,rain,historical
0,0,1,0,1,1.0,18880903,20,Micheal,rain,historical
1,0,1,0,0,1.0,18840912,21,Micheal,rain & floods,historical
1,0,1,0,1,0.0,18841230,22,Micheal,rain & floods,historical
1,0,0,1,1,0.0,18900206,23,Micheal,rain & floods,historical
1,1,1,0,0,0.0,18951011,24,Micheal,rain,historical
0,0,0,0,0,0.0,18980623,25,Micheal,rain,historical
1,1,1,1,1,1.0,18940213,26,Micheal,snow,historical
1,0,0,0,0,0.0,18940213,26,Micheal,snow,historical
1,0,0,0,0,0.0,18940213,26,Micheal,snow,historical
1,0,1,0,0,0.0,18940213,26,Micheal,snow,historical
1,0,1,0,0,0.0,18940213,26,Micheal,snow,historical
1,0,1,0,0,0.0,18940213,26,Micheal,snow,historical
1,0,0,0,0,1.0,18940213,26,Micheal,snow,historical
0,0,0,0,0,1.0,18940213,26,Micheal,snow,historical
1,0,0,0,0,0.0,18940213,26,Micheal,snow,historical
1,0,0,0,0,1.0,18940213,26,Micheal,snow,historical
1,0,0,0,0,1.0,18940213,26,Micheal,snow,historical
1,0,0,0,1,0.0,18940213,26,Micheal,snow,historical
1,1,0,0,0,1.0,18940213,26,Micheal,snow,historical
1,0,0,0,0,1.0,18940213,26,Micheal,snow,historical
1,0,0,0,0,1.0,18940213,26,Micheal,snow,historical
1,0,0,0,0,1.0,18940213,26,Micheal,snow,historical
1,0,0,0,1,0.0,18940213,26,Micheal,snow,historical
1,0,0,1,0,1.0,18940213,26,Micheal,snow,historical
0,0,0,0,0,0.0,18940213,26,Micheal,none,historical
0,0,0,0,0,0.0,18940213,26,Micheal,none,historical
1,0,1,0,1,1.0,18980207,27,Micheal,snow,historical
0,0,1,0,1,0.0,18950515,28,Micheal,snow,historical
0,0,0,0,0,0.0,18981128,29,Micheal,snow,historical
0,0,0,0,0,0.0,18981128,29,Micheal,none,historical
0,0,0,0,0,0.0,18981128,29,Micheal,none,historical
1,0,1,0,0,0.0,18981128,29,Micheal,snow,historical
1,0,0,0,0,0.0,18981128,29,Micheal,snow,historical
1,0,0,0,0,0.0,18981128,29,Micheal,snow,historical
1,0,0,0,0,0.0,18981128,29,Micheal,snow,historical
1,1,0,0,0,1.0,18981128,29,Micheal,snow,historical
1,0,1,0,0,1.0,18981128,29,Micheal,snow,historical
1,0,1,0,0,1.0,18981128,29,Micheal,snow,historical
1,0,0,0,0,0.0,18981128,29,Micheal,snow,historical
1,0,1,0,0,1.0,18981128,29,Micheal,snow,historical
1,0,0,0,0,0.0,18981128,29,Micheal,snow,historical
0,0,0,0,0,0.0,18981128,29,Micheal,none,historical
0,0,0,0,0,0.0,18981128,29,Micheal,none,historical
0,0,0,0,0,0.0,18981128,29,Micheal,snow,historical
1,0,0,0,0,1.0,18981128,29,Micheal,snow,historical
0,0,0,0,0,1.0,18981128,29,Micheal,storm,historical
0,0,0,0,0,0.0,18981128,29,Micheal,none,historical
1,0,1,0,0,0.0,18981128,29,Micheal,storm,historical
1,0,1,0,1,1.0,18981124,30,Micheal,snow,historical
1,0,1,0,1,0.0,18820222,31,Micheal,snow,historical
1,0,1,0,1,1.0,18860123,32,Micheal,snow,historical
0,0,0,0,0,0.0,18830321,33,Micheal,none,historical
1,0,0,0,0,0.0,18830321,33,Micheal,snow,historical
0,0,0,0,0,0.0,18830321,33,Micheal,none,historical
0,0,0,0,0,0.0,18830321,33,Micheal,none,historical
0,0,0,0,0,0.0,18830321,33,Micheal,none,historical
0,0,0,0,0,0.0,18830321,33,Micheal,none,historical
0,0,0,0,0,0.0,18830321,33,Micheal,none,historical
0,0,0,0,0,0.0,18830321,33,Micheal,none,historical
0,0,0,0,0,0.0,18830321,33,Micheal,none,historical
0,0,0,0,0,0.0,18830321,33,Micheal,none,historical
0,0,0,0,0,0.0,18830321,33,Micheal,none,historical
0,0,0,0,0,0.0,18830321,33,Micheal,none,historical
0,0,0,0,0,0.0,18830321,33,Micheal,none,historical
0,0,0,0,0,0.0,18830321,33,Micheal,none,historical
1,0,0,0,0,0.0,18830321,33,Micheal,snow,historical
1,0,0,0,0,0.0,18830321,33,Micheal,snow,historical
1,0,0,0,0,1.0,18830321,33,Micheal,snow,historical
1,0,1,0,1,1.0,18830321,33,Micheal,storm,historical
1,0,0,0,1,1.0,18830321,33,Micheal,snow,historical
0,0,0,0,0,0.0,18830321,33,Micheal,none,historical
1,1,1,0,0,0.0,18870329,34,Micheal,snow,historical
0,0,0,0,0,0.0,18870329,34,Micheal,none,historical
0,0,0,0,0,0.0,18870329,34,Micheal,none,historical
0,0,0,0,0,0.0,18870329,34,Micheal,none,historical
0,0,0,0,0,0.0,18870329,34,Micheal,none,historical
1,0,0,0,0,0.0,18870329,34,Micheal,snow,historical
0,0,0,0,0,0.0,18870329,34,Micheal,none,historical
0,0,0,0,0,0.0,18870329,34,Micheal,none,historical
1,1,1,0,0,0.0,18870329,34,Micheal,snow,historical
0,0,0,0,0,0.0,18870329,34,Micheal,none,historical
0,0,0,0,0,0.0,18870329,34,Micheal,none,historical
0,0,0,0,0,0.0,18870329,34,Micheal,none,historical
0,0,0,0,0,1.0,18870329,34,Micheal,snow,historical
1,1,0,0,0,1.0,18870301,35,Micheal,snow,historical
1,0,0,1,0,0.0,18890408,36,Micheal,snow,historical
1,0,1,0,1,1.0,18860205,37,Micheal,snow,historical
1,0,0,0,1,0.0,18950515,38,Micheal,ice,historical
1,0,1,0,1,1.0,18850404,39,Micheal,ice,historical
1,0,1,0,0,0.0,18980321,40,Micheal,ice & floods,historical
1,0,1,0,0,1.0,18841107,41,Micheal,ice & storm,historical
1,0,1,1,0,0.0,18960101,42,Micheal,ice,historical
1,1,1,0,0,0.0,18870822,43,Micheal,ice & floods,historical
1,0,0,0,0,0.0,18860419,44,Micheal,floods,historical
1,0,0,0,0,1.0,18860419,44,Micheal,floods,historical
1,0,0,0,0,1.0,18860419,44,Micheal,floods & ice,historical
1,0,1,1,0,0.0,18860419,44,Micheal,ice & floods,historical
1,0,1,0,0,0.0,18860419,44,Micheal,floods,historical
1,0,1,0,0,0.0,18860419,44,Micheal,floods,historical
1,0,0,0,0,1.0,18860419,44,Micheal,floods,historical
1,0,0,0,0,0.0,18860419,44,Micheal,floods,historical
1,0,0,0,0,1.0,18860419,44,Micheal,floods,historical
1,0,0,0,0,0.0,18860419,44,Micheal,floods,historical
1,0,0,0,0,0.0,18860419,44,Micheal,floods,historical
1,0,0,0,0,0.0,18860419,44,Micheal,floods,historical
1,0,0,0,0,0.0,18860419,44,Micheal,floods,historical
1,0,0,0,1,0.0,18860419,44,Micheal,floods,historical
0,0,0,0,0,0.0,18860419,44,Micheal,none,historical
1,1,0,0,0,0.0,18860419,44,Micheal,floods,historical
0,1,0,0,0,0.0,18860419,44,Micheal,floods,historical
1,1,0,0,0,0.0,18860419,44,Micheal,floods,historical
0,0,0,0,0,0.0,18860419,44,Micheal,floods,historical
0,1,0,0,0,0.0,18860419,44,Micheal,floods,historical
1,0,0,1,0,0.0,18860419,44,Micheal,floods,historical
0,0,0,0,0,0.0,18860419,44,Micheal,none,historical
0,0,0,0,0,0.0,18860419,44,Micheal,none,historical
1,1,0,0,0,0.0,18860407,45,Micheal,ice,historical
1,0,0,0,0,1.0,18860407,45,Micheal,storm,historical
1,0,0,1,0,0.0,18860407,45,Micheal,snowstorm,historical
1,0,0,0,0,0.0,18860407,45,Micheal,snowstorm,historical
1,1,1,1,0,1.0,18870425,46,Micheal,ice or flood?,historical
1,0,1,0,0,0.0,18990114,47,Micheal,torrential,historical
1,0,0,0,0,1.0,18981019,48,Micheal,torrential,historical
1,0,0,0,1,0.0,18990925,49,Micheal,torrential,historical
1,0,0,0,0,1.0,18800623,50,Micheal,torrential,historical
1,0,0,0,0,0.0,18961023,51,Micheal,torrential,historical
0,0,1,0,0,0.0,18971227,52,Micheal,torrential,historical
1,0,0,0,0,0.0,18841107,53,Micheal,storm,historical
1,0,1,0,0,1.0,18841107,53,Micheal,floods,historical
1,0,1,0,0,0.0,18841107,53,Micheal,snowstorm,historical
1,0,1,1,0,0.0,18841107,53,Micheal,snowstorm,historical
1,0,0,0,0,0.0,18841107,53,Micheal,floods,historical
1,0,0,0,0,1.0,18841107,53,Micheal,snowstorm,historical
1,0,0,0,0,0.0,18901203,54,Micheal,snowstorm,historical
1,0,1,1,0,1.0,18910310,55,Micheal,snowstorm & rain,historical
1,0,0,0,0,0.0,18911214,56,Micheal,storm,historical
1,0,1,0,0,1.0,18911214,56,Micheal,storm & Floods,historical
0,0,0,0,0,0.0,18911214,56,Micheal,none,historical
0,0,0,0,0,0.0,18911214,56,Micheal,none,historical
1,0,0,0,0,0.0,18990109,57,Micheal,snowstorm,historical
1,0,1,0,0,0.0,18820222,58,Micheal,storm,historical
1,0,0,1,1,0.0,18820222,58,Micheal,snowstorm,historical
1,0,0,0,1,0.0,18820222,58,Micheal,storm,historical
1,0,1,0,1,0.0,18981124,59,Micheal,snowstorm,historical
1,0,1,0,0,0.0,18871229,60,Micheal,snowstorm,historical
1,0,0,1,0,1.0,18840128,61,Micheal,storm,historical
1,0,0,0,0,1.0,18840128,61,Micheal,storm,historical
0,0,0,0,0,1.0,18840128,61,Micheal,storm,historical
1,0,0,0,0,0.0,18840303,62,Micheal,snowstorm,historical
1,0,1,1,0,1.0,18940213,63,Micheal,snowstorm,historical
1,0,0,1,0,0.0,18910127,64,Micheal,snowstorm,historical
1,0,1,0,0,0.0,18940410,65,Micheal,snowstorm,historical
1,0,0,0,1,1.0,18940217,66,Micheal,snowstorm,historical
1,1,1,0,0,0.0,18981128,67,Micheal,flood,historical
1,1,1,1,0,1.0,18860423,68,Micheal,flood,historical
1,0,1,1,1,1.0,18860125,69,Micheal,flood,historical
1,0,1,0,1,0.0,18970625,70,Micheal,flood,historical
1,0,1,1,1,1.0,18930314,71,Micheal,flood,historical
1,1,1,0,0,0.0,18860426,72,Micheal,flood,historical
1,0,1,1,1,0.0,18850427,73,Micheal,flood,historical
1,1,1,1,0,0.0,18830607,74,Micheal,flood,historical
1,0,1,1,0,1.0,18971130,75,Micheal,flood & storm,historical
1,0,1,1,1,1.0,18940612,76,Micheal,flood,historical
1,1,1,1,0,1.0,18880927,77,Micheal,flood,historical
0,1,1,1,1,0.0,18990510,78,Micheal,snow & cold,historical
1,0,1,0,0,0.0,18950417,79,Micheal,flood,historical
1,1,1,1,0,1.0,18870423,80,Micheal,flood,historical
1,1,1,1,0,0.0,18860116,81,Micheal,flood,historical
1,0,0,0,0,0.0,19980109,82,Angela,freezing,modern
1,0,0,0,0,0.0,19980109,82,Angela,freezing,modern
1,0,0,0,0,0.0,19980109,82,Angela,freezing,modern
1,0,0,0,0,0.0,19980109,82,Angela,freezing,modern
1,0,0,0,0,0.0,19980109,82,Angela,freezing,modern
1,1,0,0,0,0.0,19980109,82,Angela,freezing,modern
1,1,0,0,0,0.0,19980109,82,Angela,freezing,modern
0,1,0,0,0,0.0,19980109,82,Angela,freezing,modern
1,1,1,0,0,0.0,19980109,82,Angela,freezing,modern
0,1,1,0,0,0.0,19980109,82,Angela,freezing,modern
1,0,1,0,0,0.0,19980109,82,Angela,freezing,modern
0,0,1,0,0,0.0,19980109,82,Angela,storm,modern
1,0,1,0,0,0.0,19980109,82,Angela,ice,modern
1,1,0,0,1,0.0,19980109,82,Angela,storm,modern
1,0,0,0,1,0.0,19980109,82,Angela,storm,modern
0,0,0,0,0,0.0,19980109,82,Angela,storm,modern
0,0,0,0,0,0.0,19980109,82,Angela,storm,modern
0,0,0,0,0,0.0,19980109,82,Angela,storm,modern
0,0,0,0,0,0.0,19980109,82,Angela,storm,modern
0,0,0,0,0,0.0,19980109,82,Angela,,modern
0,0,0,0,0,0.0,19980109,82,Angela,,modern
0,0,0,0,0,0.0,19980109,82,Angela,,modern
0,0,0,0,0,0.0,19980109,82,Angela,,modern
0,0,0,0,0,0.0,19980109,82,Angela,,modern
0,0,0,0,0,0.0,19980109,82,Angela,,modern
0,0,0,0,0,0.0,19980109,82,Angela,,modern
0,0,0,0,0,0.0,19980109,82,Angela,,modern
0,0,0,0,0,0.0,19980109,82,Angela,,modern
1,0,0,0,0,0.0,19980109,82,Angela,storm,modern
1,0,0,1,0,0.0,19980109,82,Angela,storm,modern
0,0,0,1,0,0.0,19980109,82,Angela,storm,modern
0,0,0,1,0,0.0,19980109,82,Angela,storm,modern
1,1,0,0,0,0.0,19980109,82,Angela,storm,modern
0,0,0,1,0,0.0,19980109,82,Angela,storm,modern
1,0,0,1,0,0.0,19980109,82,Angela,storm,modern
1,0,0,0,0,0.0,19980109,82,Angela,storm,modern
0,0,0,0,0,0.0,19980109,82,Angela,storm,modern
0,0,0,0,0,0.0,19980109,82,Angela,storm,modern
1,1,0,0,0,0.0,20001106,83,Angela,rain,modern
1,1,0,0,0,0.0,20001106,83,Angela,rain,modern
0,0,0,0,0,0.0,20001106,83,Angela,rain,modern
0,0,0,0,0,0.0,20001106,83,Angela,,modern
0,0,0,0,0,0.0,20001106,83,Angela,,modern
0,0,0,0,0,0.0,20001106,83,Angela,,modern
0,0,0,0,0,0.0,20001106,83,Angela,,modern
0,0,0,0,0,0.0,20001106,83,Angela,,modern
0,0,0,0,0,0.0,20001106,83,Angela,,modern
0,0,0,0,0,0.0,20001106,83,Angela,,modern
0,0,0,0,0,0.0,20001106,83,Angela,,modern
0,0,0,0,0,0.0,20001106,83,Angela,,modern
0,0,0,0,0,0.0,20001106,83,Angela,,modern
0,0,0,0,0,0.0,20001106,83,Angela,,modern
0,0,0,0,0,0.0,20001106,83,Angela,,modern
0,0,0,0,0,0.0,20001106,83,Angela,,modern
0,0,0,0,0,0.0,20001106,83,Angela,,modern
0,0,0,0,0,0.0,20001106,83,Angela,,modern
0,0,0,0,0,0.0,20001106,83,Angela,,modern
0,0,0,0,0,0.0,20001106,83,Angela,,modern
0,0,0,0,0,0.0,20001106,83,Angela,,modern
0,0,0,0,0,0.0,20001106,83,Angela,,modern
0,0,0,0,0,0.0,20001106,83,Angela,,modern
0,0,0,0,0,0.0,20001106,83,Angela,,modern
0,0,0,0,0,0.0,20001106,83,Angela,,modern
0,0,0,0,0,0.0,20001106,83,Angela,rain,modern
0,0,0,0,0,0.0,20001106,83,Angela,,modern
0,0,0,0,0,0.0,20001106,83,Angela,,modern
1,1,0,1,0,1.0,19980124,84,Angela,rain,modern
1,0,1,0,0,1.0,20040906,85,Angela,rain & earthquake & storm,modern
0,0,0,0,0,0.0,20080424,86,Angela,rain,modern
0,0,1,0,0,0.0,20080424,86,Angela,rain,modern
0,0,1,0,0,0.0,20080424,86,Angela,rain,modern
1,0,1,0,0,0.0,20080424,86,Angela,rain,modern
0,1,0,0,0,0.0,20080424,86,Angela,rain,modern
0,1,0,0,0,0.0,20080424,86,Angela,rain,modern
0,0,0,0,0,0.0,20080424,86,Angela,,modern
0,0,0,0,0,0.0,20080424,86,Angela,,modern
0,0,0,0,0,0.0,20080424,86,Angela,,modern
0,0,0,0,0,0.0,20080424,86,Angela,,modern
0,0,0,0,0,0.0,20080424,86,Angela,,modern
0,0,0,0,0,0.0,20080424,86,Angela,,modern
0,0,0,0,0,0.0,20080424,86,Angela,,modern
0,0,0,0,0,0.0,20080424,86,Angela,,modern
0,0,0,0,0,0.0,19980114,87,Angela,freezing,modern
0,0,0,0,0,0.0,19980114,87,Angela,freezing,modern
1,1,0,0,0,0.0,19980114,87,Angela,freezing,modern
1,0,0,0,0,0.0,19980114,87,Angela,freezing,modern
1,0,0,0,0,0.0,19980114,87,Angela,freezing,modern
1,0,0,0,0,0.0,19980114,87,Angela,freezing,modern
1,0,1,0,0,0.0,19980114,87,Angela,rain,modern
1,0,1,0,0,0.0,19980114,87,Angela,rain,modern
0,0,0,0,0,0.0,19980114,87,Angela,storm,modern
0,0,0,0,0,0.0,19980114,87,Angela,storm,modern
1,1,0,0,0,0.0,19980114,87,Angela,storm,modern
0,0,0,0,0,0.0,19980114,87,Angela,,modern
0,0,0,0,0,0.0,19960724,88,Angela,,modern
0,0,0,0,0,0.0,19960724,88,Angela,,modern
0,0,0,0,0,0.0,19960724,88,Angela,,modern
0,1,0,0,0,0.0,19960724,88,Angela,rain,modern
0,1,0,0,0,1.0,19960724,88,Angela,rain,modern
1,0,0,0,0,0.0,19960724,88,Angela,rain,modern
0,0,0,0,0,0.0,19960724,88,Angela,,modern
0,0,0,0,0,0.0,19960724,88,Angela,,modern
0,1,0,0,0,0.0,19960724,88,Angela,flood,modern
1,0,1,0,0,0.0,19960724,88,Angela,flood,modern
1,0,1,0,0,0.0,19960724,88,Angela,flood,modern
1,0,0,0,0,0.0,19960724,88,Angela,flood,modern
1,0,0,0,0,0.0,19960724,88,Angela,rain,modern
1,0,1,0,0,0.0,19960724,88,Angela,rain,modern
0,0,0,0,0,0.0,19960724,88,Angela,,modern
0,0,0,0,0,0.0,19960724,88,Angela,,modern
0,0,0,0,0,0.0,19960724,88,Angela,,modern
0,0,0,0,0,0.0,19960724,88,Angela,,modern
0,0,0,0,0,0.0,19960724,88,Angela,,modern
0,0,0,0,0,0.0,19960724,88,Angela,,modern
0,0,0,0,0,0.0,19960724,88,Angela,,modern
0,0,0,0,0,0.0,19960724,88,Angela,,modern
0,0,0,0,0,0.0,19960724,88,Angela,,modern
0,0,0,0,0,0.0,19960724,88,Angela,,modern
0,0,0,0,0,0.0,19960724,88,Angela,,modern
0,0,0,0,0,0.0,19960724,88,Angela,,modern
0,0,0,0,0,0.0,19960724,88,Angela,,modern
0,0,0,0,0,0.0,19960724,88,Angela,rain,modern
0,0,0,0,0,0.0,19960724,88,Angela,,modern
0,0,0,0,0,0.0,19960724,88,Angela,,modern
0,0,0,0,0,0.0,19960724,88,Angela,,modern
0,0,0,0,0,0.0,19960724,88,Angela,,modern
0,0,0,0,0,0.0,19960724,88,Angela,,modern
0,0,0,0,0,0.0,19960724,88,Angela,flood,modern
1,0,0,0,0,0.0,19960724,88,Angela,flood,modern
1,0,0,0,0,0.0,19960724,88,Angela,flood,modern
0,1,0,0,0,0.0,19960724,88,Angela,rain,modern
0,1,0,0,0,0.0,19960724,88,Angela,rain,modern
0,1,0,0,0,0.0,19960724,88,Angela,rain,modern
1,0,0,0,1,1.0,19930731,89,Angela,rain,modern
1,0,0,0,1,0.0,19930731,89,Angela,rain,modern
1,0,0,0,1,1.0,19930731,89,Angela,rain,modern
0,0,0,0,0,0.0,19930731,89,Angela,,modern
0,0,0,0,0,0.0,19930731,89,Angela,,modern
0,0,0,0,0,0.0,19930731,89,Angela,,modern
0,0,0,0,0,0.0,19930731,89,Angela,,modern
0,0,0,0,0,0.0,19930731,89,Angela,,modern
0,0,0,0,0,0.0,19930731,89,Angela,,modern
0,0,0,0,0,0.0,19930731,89,Angela,,modern
0,0,0,0,0,0.0,19930731,89,Angela,rain,modern
0,0,0,0,0,0.0,19930731,89,Angela,rain,modern
0,0,0,0,0,0.0,19930731,89,Angela,,modern
0,0,0,0,0,0.0,19930731,89,Angela,,modern
0,0,0,0,0,0.0,19930731,89,Angela,,modern
0,0,0,0,0,0.0,19930731,89,Angela,,modern
0,0,0,0,0,0.0,19930731,89,Angela,rain,modern
0,0,0,0,0,0.0,19930731,89,Angela,,modern
0,0,0,0,0,0.0,19930731,89,Angela,,modern
0,0,0,0,0,0.0,19930731,89,Angela,,modern
0,0,0,0,0,0.0,19930731,89,Angela,,modern
0,0,0,0,0,0.0,19930731,89,Angela,,modern
1,0,0,0,0,1.0,20000715,90,Angela,rain,modern
1,0,1,0,0,1.0,20070626,91,Angela,rain,modern
1,0,0,0,0,1.0,20061203,92,Angela,storm,modern
1,0,0,0,0,0.0,20061203,92,Angela,storm,modern
1,0,0,0,0,0.0,20061203,92,Angela,storm,modern
0,0,0,0,0,0.0,20061203,92,Angela,storm,modern
1,0,0,0,0,0.0,20061203,92,Angela,storm,modern
1,0,0,0,0,0.0,20061203,92,Angela,storm,modern
1,0,0,0,0,0.0,20061203,92,Angela,rain,modern
0,0,0,0,0,0.0,20061203,92,Angela, None,modern
0,0,0,0,0,0.0,20061203,92,Angela, None,modern
0,0,0,0,0,0.0,20061203,92,Angela, None,modern
0,0,0,0,0,0.0,20061203,92,Angela, None,modern
0,0,0,0,0,0.0,20061203,92,Angela, None,modern
0,0,0,0,0,0.0,20061203,92,Angela, None,modern
0,0,0,0,0,0.0,20061203,92,Angela, None,modern
0,0,0,0,0,0.0,20061203,92,Angela, None,modern
0,0,0,0,0,0.0,20061203,92,Angela, None,modern
0,0,0,0,0,0.0,20061203,92,Angela, None,modern
0,0,0,0,0,0.0,20061203,92,Angela, None,modern
0,0,0,0,0,0.0,20061203,92,Angela, None,modern
0,0,0,0,0,0.0,20061203,92,Angela, None,modern
1,0,0,0,0,1.0,20061203,92,Angela,hurricane,modern
1,0,0,0,0,1.0,20061203,92,Angela,hurricane,modern
1,1,1,0,0,1.0,20061203,92,Angela,hurricane,modern
0,1,0,0,0,0.0,20061203,92,Angela,hurricane,modern
0,0,0,0,0,0.0,20061203,92,Angela, None,modern
0,0,0,0,0,0.0,20061203,92,Angela, None,modern
0,0,0,0,0,0.0,20061203,92,Angela, None,modern
0,0,0,0,0,0.0,20061203,92,Angela, None,modern
0,0,0,0,0,0.0,20061203,92,Angela, None,modern
0,0,0,0,0,0.0,20061203,92,Angela, None,modern
0,0,0,0,0,0.0,20061203,92,Angela, None,modern
0,0,0,0,0,0.0,20061203,92,Angela, None,modern
0,0,0,0,0,0.0,20061203,92,Angela, None,modern
0,0,0,0,0,0.0,20061203,92,Angela, None,modern
0,0,0,0,0,0.0,20061203,92,Angela, None,modern
0,0,0,0,0,0.0,20061203,92,Angela, None,modern
1,0,0,0,0,1.0,19990108,93,Angela,rain,modern
1,1,0,0,0,1.0,19980912,94,Angela,rain,modern
1,1,1,1,1,1.0,20080105,95,Angela,rain,modern
1,0,1,0,0,1.0,19951006,96,Angela,storm,modern
1,0,1,0,0,1.0,20020821,97,Angela,rain,modern
1,1,1,0,1,0.0,19901112,98,Angela,rain,modern
1,0,1,0,1,0.0,19901112,98,Angela,rain,modern
1,0,0,0,0,0.0,19901112,98,Angela,rain,modern
0,0,0,0,0,0.0,19901112,98,Angela, None,modern
0,0,0,0,0,0.0,19901112,98,Angela, None,modern
0,0,0,0,0,0.0,19901112,98,Angela, None,modern
0,0,0,0,0,0.0,19901112,98,Angela, None,modern
0,0,0,0,0,0.0,19901112,98,Angela, None,modern
0,0,0,0,0,0.0,19901112,98,Angela, None,modern
0,0,0,0,0,0.0,19901112,98,Angela, None,modern
0,0,0,0,0,0.0,19901112,98,Angela, None,modern
0,0,0,0,0,0.0,19901112,98,Angela, None,modern
0,0,0,0,0,0.0,19901112,98,Angela,rain,modern
0,0,0,0,0,0.0,19901112,98,Angela,rain,modern
0,1,1,1,0,0.0,19901222,99,Angela,Drought,modern
0,1,0,0,1,0.0,19931113,100,Angela,Drought,modern
0,1,0,1,1,0.0,19900422,101,Angela,Drought,modern
0,0,0,1,0,0.0,19900422,101,Angela,Drought,modern
0,0,0,1,0,0.0,19900422,101,Angela,Drought,modern
0,1,0,0,0,0.0,19900422,101,Angela,Drought,modern
0,1,0,0,0,0.0,19900422,101,Angela,Drought,modern
0,0,0,1,0,0.0,19900422,101,Angela,Drought,modern
0,0,0,1,1,1.0,19900422,101,Angela,Drought,modern
0,0,0,1,1,1.0,19900422,101,Angela,Drought,modern
0,0,0,1,0,0.0,19900422,101,Angela,Drought,modern
0,1,0,1,0,0.0,19900422,101,Angela,Drought,modern
0,1,0,0,0,0.0,19900422,101,Angela,Drought,modern
0,0,0,0,0,0.0,19900422,101,Angela,,modern
0,0,0,0,1,1.0,19910317,102,Angela,Drought,modern
0,1,1,0,0,0.0,19950630,103,Angela,Drought,modern
1,1,0,1,1,0.0,19990522,104,Angela,Drought,modern
1,0,1,1,1,1.0,19970419,105,Angela,Drought,modern
1,1,1,0,1,1.0,19980502,106,Angela,Drought & flood,modern
0,0,0,0,0,0.0,19920330,107,Angela,,modern
0,0,0,0,0,0.0,19920330,107,Angela,,modern
0,0,0,0,0,0.0,19920330,107,Angela,,modern
0,0,0,0,0,0.0,19920330,107,Angela,,modern
0,1,0,0,1,0.0,19920330,107,Angela,Drought,modern
0,1,0,0,1,0.0,19920330,107,Angela,Drought,modern
0,0,0,0,0,0.0,19920330,107,Angela,,modern
0,0,0,0,0,0.0,19920330,107,Angela,,modern
0,0,0,0,0,0.0,19920330,107,Angela,,modern
0,0,0,0,0,0.0,19920330,107,Angela,,modern
0,0,0,0,0,0.0,19920330,107,Angela,,modern
0,0,0,0,0,1.0,19920330,107,Angela,Drought,modern
0,1,0,0,1,1.0,19920330,107,Angela,Drought,modern
0,1,1,0,0,0.0,19920330,107,Angela,Drought,modern
0,1,1,0,1,0.0,19920330,107,Angela,Drought,modern
0,0,1,0,1,1.0,19920330,107,Angela,Drought,modern
0,1,1,0,0,1.0,19920330,107,Angela,Drought,modern
0,1,1,0,0,0.0,19920330,107,Angela,Drought,modern
0,0,0,0,0,0.0,19920330,107,Angela,,modern
0,0,0,0,0,0.0,19920330,107,Angela,,modern
0,0,0,0,0,0.0,19920330,107,Angela,,modern
0,0,0,0,0,0.0,19920330,107,Angela,,modern
0,0,0,0,0,0.0,19920330,107,Angela,,modern
0,0,0,0,0,0.0,19920330,107,Angela,,modern
0,0,0,0,0,0.0,19920330,107,Angela,,modern
0,0,0,0,0,0.0,19920330,107,Angela,,modern
1,0,0,1,1,1.0,19980404,108,Angela,Drought & tornado,modern
0,0,0,1,1,0.0,19921010,109,Angela,Drought,modern
0,0,0,1,1,0.0,19940219,110,Angela,Drought,modern
1,0,1,0,0,1.0,19900624,111,Angela,Floods,modern
0,1,0,1,1,1.0,19900422,112,Angela,Floods,modern
1,0,0,0,0,1.0,19900616,113,Angela,Floods,modern
0,1,0,1,0,0.0,19901215,114,Angela,Floods,modern
1,0,0,1,1,1.0,19900421,115,Angela,Floods,modern
1,0,1,0,1,1.0,19900513,116,Angela,storm,modern
0,0,0,0,0,1.0,19930711,117,Angela,Heatwaves,modern
0,0,0,0,0,0.0,20070626,118,Angela,Heatwaves,modern
0,0,0,0,0,1.0,20070626,118,Angela,Heatwaves,modern
0,0,0,0,0,1.0,20070626,118,Angela,Heatwaves,modern
0,0,0,0,0,0.0,20070626,118,Angela,Heatwaves,modern
1,0,0,0,0,1.0,20070626,118,Angela,storm,modern
1,0,1,0,0,1.0,20070626,118,Angela,Heatwaves & storm,modern
0,0,0,0,0,1.0,20070626,118,Angela,Heatwaves,modern
0,0,0,0,0,0.0,20070626,118,Angela,Heatwaves,modern
1,1,0,0,1,1.0,20060802,119,Angela,Floods,modern
1,0,0,0,0,0.0,20030628,120,Angela,Heatwaves,modern
0,0,0,0,0,1.0,19950618,121,Angela,Heatwaves,modern
0,0,0,0,0,0.0,20020819,122,Angela,Heatwaves,modern
0,0,0,0,0,0.0,19930708,123,Angela,Heatwaves,modern
0,0,0,0,0,0.0,19950614,124,Angela,Heatwaves,modern
1,0,1,0,0,0.0,19901205,125,Angela,Snowstorm,modern
0,0,0,0,0,0.0,20090108,126,Angela,Snowstorm & freezing,modern
0,0,0,0,0,0.0,20000413,127,Angela,Snowstorm,modern
1,0,0,0,0,0.0,19910302,128,Angela,Snowstorm,modern
0,1,0,0,0,0.0,19930318,129,Angela,Snowstorm,modern
1,0,0,0,0,0.0,19970625,130,Angela,Snowstorm,modern
1,0,1,0,0,0.0,20080109,131,Angela,Snowstorm,modern
0,0,0,0,0,0.0,19940318,132,Angela,Snowstorm,modern
1,1,0,0,0,0.0,19990117,133,Angela,Snowstorm,modern
1,0,0,0,0,1.0,19951231,134,Angela,Snowstorm,modern
0,0,1,0,0,0.0,19980109,135,Angela,Snowstorm,modern
0,0,1,0,0,0.0,19980109,135,Angela,Snowstorm,modern
1,0,0,0,0,0.0,19980109,135,Angela,Snowstorm,modern
1,0,0,0,0,0.0,19980109,135,Angela,Snowstorm,modern
0,0,0,0,0,0.0,19980109,135,Angela,Snowstorm,modern
0,0,0,0,0,0.0,19980109,135,Angela,,modern
0,0,0,0,0,0.0,19980109,135,Angela,,modern
0,0,0,0,0,0.0,19980109,135,Angela,,modern
1,0,0,0,0,0.0,19931226,136,Angela,Snowstorm,modern
1,1,0,0,0,0.0,20071222,137,Angela,Snowstorm,modern
1,0,0,0,0,1.0,19990710,138,Angela,volcano,modern
0,0,1,0,1,1.0,19990710,138,Angela,drought & flood,modern
1,0,0,0,1,1.0,19990710,138,Angela,flood,modern
0,0,0,0,0,0.0,19990710,138,Angela,Snowstorm,modern
0,0,0,0,1,0.0,18801116,139,Angela,blizzard,historical
1,0,0,0,0,0.0,18861119,140,Angela,blizzard,historical
1,0,0,1,0,0.0,18890913,141,Angela,blizzard,historical
1,0,0,0,0,1.0,18891130,142,Angela,blizzard,historical
1,0,0,0,0,0.0,18891130,142,Angela,blizzard,historical
0,0,0,0,0,0.0,18891130,142,Angela,,historical
1,0,0,0,1,0.0,18911207,143,Angela,blizzard,historical
1,0,0,0,0,0.0,18921228,144,Angela,blizzard,historical
1,0,0,0,0,0.0,18941228,145,Angela,storm,historical
1,0,0,0,0,0.0,18941228,145,Angela,blizzard,historical
1,0,0,0,0,0.0,18941228,145,Angela,blizzard,historical
1,0,0,0,0,0.0,18941228,145,Angela,blizzard,historical
1,0,0,0,0,0.0,18941228,145,Angela,blizzard,historical
1,0,0,0,0,0.0,18941228,145,Angela,blizzard & flood,historical
1,0,0,0,0,1.0,18941228,145,Angela,blizzard & flood,historical
1,0,0,0,0,0.0,18941228,145,Angela,blizzard,historical
0,0,0,0,0,1.0,18941228,145,Angela,blizzard,historical
0,0,0,0,0,0.0,18941228,145,Angela,blizzard,historical
0,0,0,0,0,0.0,18941228,145,Angela,,historical
0,0,0,0,0,0.0,18941228,145,Angela,,historical
0,0,0,0,0,0.0,18941228,145,Angela,,historical
0,0,0,0,0,0.0,18941228,145,Angela,blizzard,historical
0,0,0,0,0,0.0,18941228,145,Angela,,historical
0,0,0,0,0,0.0,18941228,145,Angela,,historical
0,0,0,0,0,0.0,18941228,145,Angela,,historical
0,0,0,0,0,0.0,18941228,145,Angela,,historical
0,0,0,0,0,0.0,18941228,145,Angela,,historical
0,0,0,0,0,0.0,18941228,145,Angela,,historical
0,0,0,0,0,0.0,18941228,145,Angela,,historical
0,0,0,0,0,0.0,18941228,145,Angela,,historical
0,0,0,0,0,0.0,18941228,145,Angela,,historical
0,0,0,0,0,0.0,18941228,145,Angela,,historical
0,0,0,0,0,0.0,18941228,145,Angela,blizzard,historical
1,0,0,0,0,1.0,18981128,146,Angela,blizzard,historical
0,0,0,0,1,0.0,18800315,147,Angela,cold,historical
0,0,0,0,0,0.0,18851208,148,Angela,cold,historical
0,0,0,0,0,1.0,18920208,149,Angela,cold,historical
0,0,0,0,0,0.0,18950430,150,Angela,cold,historical
0,0,0,0,0,0.0,18980824,151,Angela,cold,historical
1,0,1,0,0,1.0,18820408,152,Angela,hurricane,historical
0,0,0,0,1,0.0,18830131,153,Angela,deluge,historical
1,0,1,0,1,1.0,18830131,153,Angela,deluge,historical
0,1,1,0,0,0.0,18830131,153,Angela,deluge,historical
0,1,0,0,0,0.0,18830131,153,Angela,deluge,historical
0,0,0,0,0,0.0,18870923,154,Angela,,historical
0,0,0,0,1,0.0,18870923,154,Angela,deluge,historical
1,0,0,0,0,1.0,18900428,155,Angela,hail,historical
1,0,1,0,0,0.0,18900428,155,Angela,deluge,historical
1,0,0,0,0,1.0,18900428,155,Angela,deluge,historical
1,0,0,0,1,0.0,18900428,155,Angela,deluge,historical
0,0,1,0,0,0.0,18920621,156,Angela,deluge,historical
0,0,0,0,0,0.0,18920621,156,Angela,deluge,historical
0,0,0,0,0,0.0,18920621,156,Angela,deluge,historical
1,0,1,0,0,1.0,18960529,157,Angela,storm,historical
0,0,1,0,0,0.0,18811107,158,Angela,drought,historical
0,0,0,0,1,0.0,18821017,159,Angela,drought,historical
0,0,0,0,1,0.0,18830818,160,Angela,drought,historical
0,0,0,0,1,0.0,18830904,161,Angela,drought,historical
0,0,0,0,1,0.0,18860713,162,Angela,drought,historical
0,0,0,0,1,0.0,18880721,163,Angela,drought,historical
0,0,0,0,0,0.0,18890925,164,Angela,drought,historical
0,1,0,0,1,0.0,18900212,165,Xianda,drought,historical
0,0,1,0,0,1.0,18900212,165,Xianda,rain,historical
0,0,1,0,1,0.0,18910606,166,Xianda,drought,historical
0,0,0,0,0,0.0,18910606,166,Xianda,,historical
0,0,0,0,0,0.0,18910606,166,Xianda,,historical
0,0,0,0,0,0.0,18910606,166,Xianda,,historical
0,0,0,0,1,0.0,18930711,167,Xianda,drought,historical
0,0,0,0,1,0.0,18930711,167,Xianda,drought,historical
0,0,0,0,0,0.0,18930711,167,Xianda,,historical
0,0,0,0,0,0.0,18930711,167,Xianda,,historical
0,0,0,0,1,0.0,18930711,167,Xianda,drought,historical
0,0,0,0,0,0.0,18930711,167,Xianda,,historical
0,0,0,0,0,0.0,18930711,167,Xianda,,historical
0,0,0,0,0,0.0,18950108,168,Xianda,drought,historical
0,0,0,0,0,0.0,18810326,169,Xianda,freezing,historical
0,0,0,0,0,0.0,18810326,169,Xianda,,historical
0,0,0,0,0,0.0,18870425,170,Xianda,freezing,historical
0,0,0,0,0,0.0,18870811,171,Xianda,freezing,historical
1,0,1,0,1,1.0,18880118,172,Xianda,freezing,historical
1,0,0,0,0,0.0,18881213,173,Xianda,freezing,historical
1,0,0,0,0,0.0,18881213,173,Xianda,freezing,historical
0,0,0,0,0,0.0,18881213,173,Xianda,,historical
0,0,0,0,0,0.0,18881213,173,Xianda,,historical
0,0,0,0,0,0.0,18881213,173,Xianda,,historical
0,0,0,0,0,0.0,18890128,174,Xianda,freezing,historical
0,0,0,0,0,0.0,18890128,174,Xianda,freezing,historical
0,0,0,0,0,0.0,18890128,174,Xianda,freezing,historical
0,0,0,0,0,0.0,18890128,174,Xianda,freezing,historical
0,0,0,0,0,1.0,18910915,175,Xianda,freezing,historical
0,0,0,0,0,0.0,18920818,176,Xianda,,historical
0,0,0,0,0,0.0,18920818,176,Xianda,,historical
0,0,0,0,0,0.0,18920818,176,Xianda,,historical
0,0,0,0,0,0.0,18920818,176,Xianda,,historical
0,0,0,0,0,0.0,18920818,176,Xianda,,historical
0,0,1,0,0,0.0,18951116,177,Xianda,freezing,historical
0,0,1,0,0,0.0,18951116,177,Xianda,freezing,historical
1,1,0,0,0,1.0,18970109,178,Xianda,freezing,historical
0,0,0,0,0,0.0,18970109,178,Xianda,,historical
0,0,1,1,0,1.0,18990214,179,Xianda,freezing,historical
1,0,0,0,0,0.0,18990214,179,Xianda,freezing,historical
1,0,0,0,0,0.0,18991204,180,Xianda,freezing,historical
0,0,0,0,0,0.0,18991204,180,Xianda,,historical
0,0,0,0,0,0.0,18991204,180,Xianda,,historical
1,0,0,0,0,1.0,19911204,182,Xianda,ice,modern
1,0,0,0,0,0.0,19911204,182,Xianda,ice,modern
0,0,0,0,0,0.0,19911204,182,Xianda,,modern
0,0,0,0,0,0.0,19911204,182,Xianda,,modern
0,0,0,0,0,0.0,19911204,182,Xianda,,modern
0,0,0,0,0,1.0,19900103,183,Xianda,ice,modern
0,0,0,0,0,0.0,20090408,184,Xianda,,modern
0,0,0,0,0,0.0,20090408,184,Xianda,,modern
0,0,0,0,0,1.0,20020304,185,Xianda,heat,modern
0,0,0,0,0,1.0,20020304,185,Xianda,heat,modern
0,0,0,1,0,1.0,20020304,185,Xianda,heat,modern
0,0,0,0,0,0.0,19971122,186,Xianda,,modern
0,0,0,0,0,1.0,19930112,187,Xianda,ice,modern
0,0,0,0,0,1.0,19930112,187,Xianda,ice,modern
0,0,0,0,0,1.0,19930112,187,Xianda,ice,modern
0,0,0,0,0,1.0,19930112,187,Xianda,ice,modern
0,0,0,0,0,1.0,19930112,187,Xianda,ice,modern
1,0,0,0,0,1.0,19910130,188,Xianda,ice,modern
1,1,0,0,0,0.0,19981022,189,Xianda,ice,modern
0,0,1,1,0,0.0,20100125,190,Xianda,ice,modern
1,0,0,0,0,0.0,20100125,190,Xianda,ice,modern
1,0,0,0,0,0.0,19970911,191,Xianda,ice & snow,modern
0,0,0,0,0,1.0,19900320,192,Xianda,floods,modern
1,0,0,1,0,0.0,19900320,192,Xianda,floods,modern
1,0,0,1,1,0.0,19900320,192,Xianda,floods,modern
1,0,0,0,0,0.0,19900320,192,Xianda,floods,modern
0,0,0,1,0,0.0,19900816,193,Xianda,ice,modern
0,0,0,0,0,0.0,19900816,193,Xianda,ice,modern
1,0,0,0,0,1.0,19900205,194,Xianda,storm,modern
0,0,0,0,0,0.0,19900812,195,Xianda,,modern
0,0,0,0,0,0.0,19900812,195,Xianda,,modern
0,0,0,1,0,0.0,19900812,195,Xianda,heatwave,modern
0,0,0,1,0,0.0,19900812,195,Xianda,drought,modern
0,0,0,0,0,0.0,19900812,195,Xianda,,modern
0,0,0,0,0,0.0,19900812,195,Xianda,,modern
0,0,0,0,0,0.0,19900812,195,Xianda,,modern
1,0,0,0,1,1.0,19900812,195,Xianda,storm,modern
1,0,0,0,0,0.0,19900812,195,Xianda,storm,modern
0,0,0,0,0,0.0,19900812,195,Xianda,,modern
0,0,0,0,0,0.0,19900812,195,Xianda,,modern
0,0,0,0,0,0.0,19900812,195,Xianda,,modern
1,0,0,0,0,0.0,19900812,195,Xianda,storm,modern
0,0,0,0,0,0.0,19910612,196,Xianda,storm,modern
0,0,0,0,0,0.0,19910612,196,Xianda,storm,modern
0,0,0,0,0,0.0,19910612,196,Xianda,storm,modern
0,0,0,0,0,0.0,19910612,196,Xianda,,modern
0,0,0,0,0,0.0,19910612,196,Xianda,,modern
0,0,0,0,0,0.0,19910612,196,Xianda,,modern
0,0,0,0,0,0.0,19910612,196,Xianda,,modern
0,0,0,0,0,0.0,19910612,196,Xianda,thunder & tornado,modern
0,0,0,0,0,0.0,19910612,196,Xianda,,modern
0,0,0,0,0,0.0,19910612,196,Xianda,,modern
0,0,0,0,0,0.0,19910612,196,Xianda,,modern
0,0,0,0,0,0.0,19910612,196,Xianda,,modern
0,0,0,0,0,0.0,19910612,196,Xianda,,modern
0,0,0,0,0,0.0,19910612,196,Xianda,,modern
0,0,0,0,0,0.0,19910612,196,Xianda,,modern
0,0,0,0,0,0.0,19910612,196,Xianda,,modern
0,0,0,0,0,0.0,19910612,196,Xianda,,modern
0,0,0,0,0,0.0,19910612,196,Xianda,,modern
1,0,0,0,0,0.0,19910612,196,Xianda,floodings,modern
0,0,0,0,0,0.0,19910612,196,Xianda,,modern
0,0,0,0,0,0.0,19910612,196,Xianda,,modern
0,0,0,0,0,0.0,19910612,196,Xianda,,modern
1,0,0,0,0,0.0,19910612,196,Xianda,magnetic storm,modern
1,0,0,0,0,0.0,19910612,196,Xianda,magnetic storm,modern
0,0,0,0,0,0.0,19910612,196,Xianda,,modern
0,0,0,0,0,0.0,19910612,196,Xianda,,modern
1,0,0,0,0,0.0,19910612,196,Xianda,volcano explodes,modern
1,0,0,0,0,1.0,19910612,196,Xianda,volcano explodes,modern
0,0,0,0,0,0.0,19910707,197,Xianda,,modern
0,0,0,0,0,0.0,19910707,197,Xianda,,modern
0,0,0,0,0,0.0,19910707,197,Xianda,,modern
0,0,0,0,0,0.0,19910707,197,Xianda,,modern
0,0,0,0,0,0.0,19910707,197,Xianda,,modern
0,0,0,0,0,0.0,19910707,197,Xianda,,modern
0,0,0,0,0,0.0,19910707,197,Xianda,,modern
0,0,0,0,0,0.0,19910707,197,Xianda,,modern
0,0,0,0,0,0.0,19910707,197,Xianda,,modern
0,0,0,0,0,0.0,19910707,197,Xianda,,modern
0,0,0,0,0,0.0,19910707,197,Xianda,,modern
0,0,0,0,0,0.0,19910707,197,Xianda,,modern
0,0,0,0,0,0.0,19910707,197,Xianda,,modern
0,0,0,0,0,0.0,19910707,197,Xianda,tornado,modern
0,0,0,0,0,0.0,19910707,197,Xianda,tornado,modern
0,0,0,0,0,0.0,19910707,197,Xianda,,modern
0,0,0,0,0,0.0,19910707,197,Xianda,,modern
0,0,0,0,0,0.0,19910707,197,Xianda,,modern
0,0,0,0,0,0.0,19910707,197,Xianda,,modern
0,0,0,0,0,0.0,19910707,197,Xianda,,modern
0,0,0,0,0,0.0,19910707,197,Xianda,,modern
0,0,0,0,0,0.0,19910707,197,Xianda,,modern
0,0,0,0,0,0.0,19910707,197,Xianda,,modern
0,0,0,0,0,0.0,19910707,197,Xianda,,modern
0,0,0,0,0,0.0,19910707,197,Xianda,,modern
0,0,0,0,0,0.0,19910707,197,Xianda,,modern
0,0,0,0,0,0.0,19910707,197,Xianda,,modern
0,0,0,0,0,0.0,19910707,197,Xianda,,modern
0,0,0,0,0,0.0,19910707,197,Xianda,,modern
0,0,0,0,0,0.0,19911112,198,Xianda,,modern
0,0,0,0,0,0.0,19911112,198,Xianda,,modern
0,0,0,0,0,0.0,19911112,198,Xianda,,modern
0,0,0,0,0,0.0,19911112,198,Xianda,,modern
0,0,0,0,0,0.0,19911112,198,Xianda,,modern
0,0,0,0,0,0.0,19911112,198,Xianda,,modern
0,0,0,0,0,0.0,19911112,198,Xianda,,modern
0,0,0,0,0,0.0,19911112,198,Xianda,,modern
0,0,0,0,0,0.0,19911112,198,Xianda,storm,modern
0,0,0,0,0,0.0,19911112,198,Xianda,,modern
0,0,0,0,0,0.0,19911112,198,Xianda,,modern
0,0,0,0,0,0.0,19911112,198,Xianda,,modern
0,0,0,0,0,0.0,19911112,198,Xianda,,modern
0,0,0,0,0,0.0,19911112,198,Xianda,,modern
0,0,0,0,0,0.0,19911112,198,Xianda,,modern
0,0,0,0,0,0.0,19911112,198,Xianda,,modern
0,0,0,0,0,0.0,19911112,198,Xianda,,modern
0,0,0,0,0,0.0,19911112,198,Xianda,,modern
0,0,0,0,0,0.0,19911112,198,Xianda,,modern
0,0,0,0,0,0.0,19911112,198,Xianda,,modern
0,0,0,0,0,0.0,19911112,198,Xianda,,modern
0,0,0,0,0,0.0,19911112,198,Xianda,,modern
0,0,0,0,0,0.0,19911112,198,Xianda,,modern
0,0,0,0,0,0.0,19911112,198,Xianda,,modern
0,0,0,0,0,0.0,19911112,198,Xianda,,modern
0,0,0,0,0,0.0,19911112,198,Xianda,,modern
0,0,0,0,0,0.0,19911112,198,Xianda,,modern
0,0,0,0,0,0.0,19911112,198,Xianda,,modern
0,0,0,0,0,0.0,19911112,198,Xianda,storm,modern
0,0,0,0,0,0.0,19911112,198,Xianda,,modern
0,0,0,0,0,0.0,19911112,198,Xianda,,modern
0,0,0,0,0,0.0,19911112,198,Xianda,,modern
0,0,0,0,0,0.0,19911112,198,Xianda,,modern
0,0,0,0,0,0.0,19920204,199,Xianda,,modern
0,0,0,0,0,0.0,19920204,199,Xianda,,modern
0,0,0,0,0,0.0,19920204,199,Xianda,,modern
0,0,0,0,0,0.0,19920204,199,Xianda,,modern
0,0,0,0,0,0.0,19920204,199,Xianda,,modern
0,0,0,0,0,0.0,19920204,199,Xianda,,modern
0,0,0,0,0,0.0,19920204,199,Xianda,,modern
0,0,0,0,0,0.0,19920204,199,Xianda,,modern
0,0,0,0,0,0.0,19920204,199,Xianda,,modern
0,0,0,0,0,0.0,19920204,199,Xianda,,modern
0,0,0,0,0,0.0,19920204,199,Xianda,,modern
0,0,0,0,0,0.0,19920204,199,Xianda,,modern
0,0,0,0,0,0.0,19920204,199,Xianda,,modern
0,0,0,0,0,0.0,19920204,199,Xianda,,modern
0,0,0,0,0,0.0,19920204,199,Xianda,,modern
0,0,0,0,0,0.0,19920204,199,Xianda,,modern
0,0,0,0,0,0.0,19920204,199,Xianda,,modern
0,0,0,0,0,0.0,19920204,199,Xianda,,modern
0,0,0,0,0,0.0,19920204,199,Xianda,,modern
0,0,0,0,0,0.0,19920204,199,Xianda,,modern
0,0,0,0,0,0.0,19920204,199,Xianda,,modern
0,0,0,0,0,0.0,19920204,199,Xianda,,modern
0,0,0,0,0,0.0,19920204,199,Xianda,,modern
0,0,0,0,0,0.0,19920204,199,Xianda,,modern
0,0,0,0,0,0.0,19920204,199,Xianda,,modern
0,0,0,0,0,0.0,19920204,199,Xianda,,modern
0,0,0,0,0,0.0,19920204,199,Xianda,,modern
0,0,0,0,0,0.0,19920204,199,Xianda,,modern
0,0,0,0,0,0.0,19920204,199,Xianda,,modern
0,0,0,0,0,0.0,19920204,199,Xianda,,modern
0,0,0,0,0,0.0,19920204,199,Xianda,,modern
0,0,0,0,0,0.0,19920204,199,Xianda,,modern
0,0,0,0,0,0.0,19920204,199,Xianda,,modern
0,0,0,0,0,0.0,19920204,199,Xianda,,modern
0,0,0,0,0,0.0,19920204,199,Xianda,,modern
0,0,0,0,0,0.0,19920204,199,Xianda,,modern
0,0,0,0,0,0.0,19920204,199,Xianda,,modern
0,0,0,0,0,0.0,19920204,199,Xianda,,modern
0,0,0,0,0,0.0,19920204,199,Xianda,,modern
0,0,0,0,0,0.0,19920204,199,Xianda,,modern
0,0,0,0,0,0.0,19920204,199,Xianda,,modern
0,0,0,0,0,0.0,19920204,199,Xianda,,modern
0,0,0,0,0,0.0,19920204,199,Xianda,,modern
0,0,0,0,0,0.0,19920204,199,Xianda,,modern
1,0,0,0,0,0.0,19920204,199,Xianda,blizzard,modern
0,0,0,0,0,1.0,19920204,199,Xianda,storm,modern
0,0,0,0,0,0.0,19920204,199,Xianda,,modern
0,0,0,0,0,0.0,19920204,199,Xianda,,modern
0,0,0,0,0,0.0,19920204,199,Xianda,,modern
0,0,0,0,0,0.0,19920204,199,Xianda,,modern
0,0,0,0,0,0.0,19920204,199,Xianda,,modern
0,0,0,0,0,0.0,19920204,199,Xianda,,modern
0,0,0,0,0,0.0,19920204,199,Xianda,,modern
0,0,0,0,0,0.0,19920204,199,Xianda,,modern
0,0,0,0,0,0.0,19920204,199,Xianda,,modern
0,0,0,0,0,0.0,19920204,199,Xianda,,modern
0,0,0,0,0,0.0,19920204,199,Xianda,,modern
0,0,0,0,0,0.0,19920204,199,Xianda,,modern
0,0,0,0,0,0.0,19920204,199,Xianda,,modern
0,0,0,0,0,0.0,19920204,199,Xianda,,modern
0,0,0,0,0,0.0,19920204,199,Xianda,,modern
0,0,0,0,0,0.0,19920510,200,Xianda,,modern
0,0,0,0,0,0.0,19920510,200,Xianda,,modern
0,0,0,0,0,0.0,19920510,200,Xianda,,modern
0,0,0,0,0,0.0,19920510,200,Xianda,,modern
0,0,0,0,0,0.0,19920510,200,Xianda,,modern
0,0,0,0,0,0.0,19920510,200,Xianda,,modern
0,0,0,0,0,0.0,19920510,200,Xianda,,modern
0,0,0,0,0,0.0,19920510,200,Xianda,,modern
0,0,0,0,0,0.0,19920510,200,Xianda,,modern
0,0,0,0,0,0.0,19920510,200,Xianda,,modern
0,0,0,0,0,0.0,19920510,200,Xianda,,modern
0,0,0,0,0,0.0,19920510,200,Xianda,,modern
0,0,0,0,0,0.0,19920510,200,Xianda,,modern
0,0,0,0,0,0.0,19920510,200,Xianda,,modern
1,0,0,0,0,0.0,19920510,200,Xianda,storm,modern
0,0,0,0,0,0.0,19920510,200,Xianda,,modern
0,0,0,0,0,0.0,19920510,200,Xianda,,modern
0,0,0,0,0,0.0,19920510,200,Xianda,,modern
0,0,0,0,0,0.0,19920510,200,Xianda,,modern
0,0,0,0,0,0.0,19920510,200,Xianda,,modern
0,0,0,0,0,0.0,19920510,200,Xianda,,modern
0,0,0,0,0,0.0,19920510,200,Xianda,,modern
0,0,0,0,0,0.0,19920510,200,Xianda,,modern
0,0,0,0,0,0.0,19920510,200,Xianda,,modern
0,0,0,0,0,0.0,19920510,200,Xianda,,modern
0,0,0,0,0,0.0,19920510,200,Xianda,,modern
0,0,0,0,0,0.0,19920510,200,Xianda,,modern
0,0,0,0,0,0.0,19920510,200,Xianda,,modern
0,0,0,0,0,0.0,19920510,200,Xianda,,modern
0,0,0,0,0,0.0,19920510,200,Xianda,,modern
0,0,0,0,0,0.0,19920510,200,Xianda,,modern
0,0,0,0,0,0.0,19920510,200,Xianda,,modern
0,0,0,0,0,0.0,19920510,200,Xianda,,modern
0,0,0,0,0,0.0,19920510,200,Xianda,,modern
0,0,0,0,0,0.0,19920510,200,Xianda,,modern
0,0,0,0,0,0.0,19920510,200,Xianda,,modern
0,0,0,0,0,0.0,19920510,200,Xianda,,modern
0,0,0,0,0,0.0,19920510,200,Xianda,,modern
0,0,0,0,0,0.0,19920510,200,Xianda,,modern
0,0,0,0,0,0.0,19920510,200,Xianda,,modern
0,0,0,0,1,0.0,19920813,201,Xianda,storm,modern
0,0,0,0,0,0.0,19920813,201,Xianda,,modern
0,0,0,0,0,0.0,19920813,201,Xianda,,modern
0,0,0,0,0,0.0,19920813,201,Xianda,,modern
0,0,0,0,0,0.0,19920813,201,Xianda,,modern
0,0,0,0,0,0.0,19920813,201,Xianda,,modern
0,0,0,0,0,0.0,19920813,201,Xianda,,modern
0,0,0,0,0,0.0,19920813,201,Xianda,,modern
0,0,0,0,0,0.0,19920813,201,Xianda,,modern
0,0,0,0,0,0.0,19920813,201,Xianda,,modern
0,0,0,0,0,0.0,19920813,201,Xianda,,modern
0,0,0,0,0,0.0,19920813,201,Xianda,,modern
0,0,0,0,0,0.0,19920813,201,Xianda,,modern
0,0,0,0,0,0.0,19920813,201,Xianda,,modern
0,0,0,0,0,0.0,19920813,201,Xianda,freezing,modern
0,0,0,0,0,0.0,19920813,201,Xianda,freezing,modern
0,0,0,0,0,0.0,19920813,201,Xianda,,modern
0,0,0,0,0,0.0,19920813,201,Xianda,,modern
0,0,0,0,0,0.0,19920813,201,Xianda,,modern
0,0,0,0,0,0.0,19920824,202,Xianda,,modern
0,0,0,0,0,0.0,19920824,202,Xianda,,modern
0,0,0,0,0,1.0,19920824,202,Xianda,snow,modern
1,0,0,0,0,,19920824,202,Xianda,snow,modern
0,0,0,0,0,0.0,19920824,202,Xianda,storm,modern
0,0,0,0,0,0.0,19920824,202,Xianda,,modern
0,0,0,0,0,0.0,19920824,202,Xianda,,modern
0,0,0,0,0,0.0,19920824,202,Xianda,,modern
0,1,0,0,0,1.0,19920824,202,Xianda,hurricane,modern
1,0,0,0,0,0.0,19920824,202,Xianda,hurricane,modern
0,0,0,0,0,0.0,19920824,202,Xianda,,modern
0,0,0,0,0,0.0,19920824,202,Xianda,,modern
0,0,0,0,0,0.0,19920824,202,Xianda,,modern
0,0,0,0,0,0.0,19920824,202,Xianda,,modern
0,0,0,0,0,0.0,19920824,202,Xianda,,modern
0,0,0,0,0,0.0,19920824,202,Xianda,,modern
0,0,0,0,0,0.0,19920824,202,Xianda,,modern
0,0,0,0,0,0.0,19920824,202,Xianda,,modern
0,0,0,0,0,0.0,19920824,202,Xianda,,modern
0,0,0,0,0,0.0,19920824,202,Xianda,,modern
0,0,0,0,0,0.0,19920824,202,Xianda,,modern
0,0,0,0,0,0.0,19920824,202,Xianda,,modern
0,0,0,0,0,0.0,19920824,202,Xianda,,modern
0,0,0,0,0,0.0,19920824,202,Xianda,,modern
0,0,0,0,0,0.0,19920824,202,Xianda,,modern
0,0,0,0,0,0.0,19920824,202,Xianda,,modern
0,0,0,0,0,0.0,19920824,202,Xianda,,modern
0,0,0,0,0,0.0,19920824,202,Xianda,,modern
0,0,0,0,0,0.0,19920824,202,Xianda,,modern
0,0,0,0,0,0.0,19920824,202,Xianda,,modern
0,0,0,0,0,0.0,19920824,202,Xianda,,modern
0,0,0,0,0,0.0,19920824,202,Xianda,,modern
0,0,0,0,0,0.0,19920824,202,Xianda,,modern
0,0,0,0,0,0.0,19920824,202,Xianda,,modern
0,0,0,0,0,0.0,19920824,202,Xianda,,modern
0,0,0,0,0,0.0,19920824,202,Xianda,,modern
0,0,0,0,0,0.0,19920824,202,Xianda,,modern
0,0,0,0,0,0.0,19920824,202,Xianda,,modern
0,0,0,0,0,0.0,19920824,202,Xianda,,modern
0,0,0,0,0,0.0,19920928,203,Xianda,,modern
0,0,0,0,0,0.0,19920928,203,Xianda,,modern
0,0,0,0,0,0.0,19920928,203,Xianda,,modern
0,0,0,0,0,0.0,19920928,203,Xianda,,modern
0,0,0,0,0,0.0,19920928,203,Xianda,,modern
0,0,0,0,0,0.0,19920928,203,Xianda,,modern
0,0,0,0,0,0.0,19920928,203,Xianda,,modern
0,0,0,0,0,0.0,19920928,203,Xianda,,modern
0,0,0,0,0,0.0,19920928,203,Xianda,,modern
0,0,0,0,0,0.0,19920928,203,Xianda,,modern
0,0,0,0,0,0.0,19920928,203,Xianda,,modern
0,0,0,0,0,0.0,19920928,203,Xianda,,modern
0,0,0,0,0,0.0,19920928,203,Xianda,,modern
1,0,0,0,0,1.0,19920928,203,Xianda,floodings,modern
0,0,0,0,0,1.0,19920928,203,Xianda,floodings,modern
0,0,0,0,0,0.0,19920928,203,Xianda,,modern
0,0,0,0,0,0.0,19920928,203,Xianda,,modern
1,0,0,0,0,1.0,19920928,203,Xianda,floodings,modern
1,0,0,0,0,0.0,19920928,203,Xianda,floodings,modern
0,0,0,0,0,0.0,19920928,203,Xianda,,modern
0,0,0,0,0,0.0,19920928,203,Xianda,,modern
0,0,0,0,0,0.0,19920928,203,Xianda,,modern
0,0,0,0,0,0.0,19920928,203,Xianda,,modern
0,0,0,0,0,0.0,19920928,203,Xianda,,modern
0,0,0,0,0,0.0,19930408,204,Xianda,thunder,modern
0,0,0,0,0,0.0,19930408,204,Xianda,,modern
0,0,0,0,0,0.0,19930408,204,Xianda,,modern
0,0,0,0,0,0.0,19930408,204,Xianda,,modern
0,0,0,0,0,0.0,19930408,204,Xianda,,modern
0,0,0,0,0,0.0,19930408,204,Xianda,,modern
0,0,0,0,0,0.0,19930408,204,Xianda,,modern
0,0,0,0,0,0.0,19930408,204,Xianda,,modern
0,0,0,0,0,0.0,19930408,204,Xianda,,modern
0,0,0,0,0,0.0,19930408,204,Xianda,,modern
0,0,0,0,0,0.0,19930408,204,Xianda,,modern
0,0,0,0,0,0.0,19930408,204,Xianda,,modern
0,0,0,0,0,0.0,19930408,204,Xianda,,modern
0,0,0,0,0,0.0,19930408,204,Xianda,,modern
0,0,0,0,0,0.0,19930408,204,Xianda,,modern
0,0,0,0,0,0.0,19930408,204,Xianda,,modern
0,0,0,0,0,0.0,19930408,204,Xianda,,modern
0,0,0,0,0,0.0,19930408,204,Xianda,,modern
0,0,0,0,0,0.0,19930408,204,Xianda,,modern
0,0,0,0,0,0.0,19930408,204,Xianda,,modern
0,0,0,0,0,0.0,19930408,204,Xianda,,modern
0,0,0,0,0,0.0,19930408,204,Xianda,,modern
0,0,0,0,0,0.0,19930408,204,Xianda,,modern
0,0,0,0,0,0.0,19930408,204,Xianda,,modern
0,0,0,0,0,0.0,19930408,204,Xianda,,modern
0,0,0,0,0,0.0,19930408,204,Xianda,,modern
0,0,0,0,0,0.0,19930408,204,Xianda,,modern
0,0,0,0,0,0.0,19930408,204,Xianda,,modern
0,0,0,0,0,0.0,19930408,204,Xianda,,modern
0,0,0,0,0,0.0,19930408,204,Xianda,,modern
0,0,0,0,0,0.0,19900318,205,Xianda,volcano & earthquake,modern
0,0,0,0,0,0.0,19900318,205,Xianda,earthquake & storm,modern
0,0,0,0,0,0.0,19900318,205,Xianda,,modern
0,0,0,0,0,0.0,19900318,205,Xianda,,modern
0,0,0,0,0,0.0,19900318,205,Xianda,,modern
0,0,0,0,0,0.0,19900318,205,Xianda,,modern
0,0,0,0,0,0.0,19900318,205,Xianda,,modern
0,0,0,0,0,0.0,19900318,205,Xianda,,modern
0,0,0,0,0,0.0,19900318,205,Xianda,,modern
0,0,0,0,0,0.0,19900318,205,Xianda,,modern
0,0,0,0,0,0.0,19900318,205,Xianda,,modern
0,0,0,0,0,0.0,19900318,205,Xianda,,modern
0,0,0,0,0,0.0,19900318,205,Xianda,,modern
0,0,0,0,0,0.0,19900318,205,Xianda,,modern
0,0,0,0,0,0.0,19900318,205,Xianda,,modern
0,0,0,0,0,0.0,19900318,205,Xianda,,modern
0,0,0,0,0,0.0,19900318,205,Xianda,,modern
0,0,0,0,0,0.0,19900318,205,Xianda,heatwave,modern
0,0,0,0,0,0.0,19900318,205,Xianda,floodings,modern
0,0,0,0,0,1.0,19900408,206,Xianda,floodings,modern
0,0,0,0,0,0.0,19900408,206,Xianda,,modern
0,0,0,0,0,0.0,19900408,206,Xianda,,modern
0,0,0,0,0,0.0,19900408,206,Xianda,,modern
0,0,0,0,0,0.0,19900408,206,Xianda,,modern
0,0,0,0,0,0.0,19900408,206,Xianda,,modern
0,0,0,0,0,0.0,19900408,206,Xianda,,modern
0,0,0,0,0,0.0,19900408,206,Xianda,,modern
0,0,0,0,0,0.0,19900408,206,Xianda,,modern
0,0,0,0,0,0.0,19900408,206,Xianda,,modern
0,0,0,0,0,0.0,19900408,206,Xianda,,modern
0,0,0,0,0,0.0,19900408,206,Xianda,,modern
1,0,0,0,0,0.0,19900408,206,Xianda,earthquake,modern
1,0,0,0,1,1.0,19900408,206,Xianda,tornado,modern
0,0,0,0,0,1.0,19900408,206,Xianda,rain,modern
0,0,0,0,0,0.0,19900408,206,Xianda,,modern
0,0,0,0,0,0.0,19900408,206,Xianda,,modern
0,0,0,0,0,0.0,19900408,206,Xianda,,modern
0,0,0,0,0,0.0,19900408,206,Xianda,,modern
0,0,0,0,0,0.0,19900408,206,Xianda,,modern
0,0,0,0,0,0.0,19900408,206,Xianda,,modern
0,0,0,0,0,0.0,19900408,206,Xianda,,modern
0,0,0,0,0,0.0,19900408,206,Xianda,,modern
0,0,0,0,0,0.0,19900408,206,Xianda,,modern
0,0,0,0,0,0.0,19900408,206,Xianda,,modern
0,0,0,0,0,0.0,19900408,206,Xianda,,modern
0,0,0,0,0,1.0,18900620,207,Xianda,thunder,historical
1,0,0,0,1,0.0,18900410,208,Xianda,storm,historical
1,0,0,0,0,0.0,18900410,208,Xianda,thunder,historical
0,0,0,0,0,0.0,18900410,208,Xianda,,historical
0,0,0,0,0,0.0,18810909,209,Xianda,,historical
0,0,0,0,0,0.0,18810909,209,Xianda,,historical
0,0,0,0,1,0.0,18810909,209,Xianda,drrought,historical
0,0,0,0,0,0.0,18810909,209,Xianda,thunder,historical
0,0,0,1,0,0.0,18810909,209,Xianda,fire,historical
0,0,0,0,0,0.0,18810909,209,Xianda,,historical
0,0,0,0,0,0.0,18810909,209,Xianda,,historical
0,0,0,0,0,0.0,18810909,209,Xianda,,historical
0,0,0,0,0,0.0,18810909,209,Xianda,,historical
0,0,0,0,0,0.0,18810909,209,Xianda,,historical
0,0,0,0,0,0.0,18810909,209,Xianda,,historical
0,0,0,0,0,0.0,18810909,209,Xianda,,historical
0,0,0,0,0,0.0,18840818,210,Xianda,thunder,historical
1,0,0,0,0,0.0,18840818,210,Xianda,thunder,historical
1,0,1,0,1,0.0,18840818,210,Xianda,thunder,historical
0,0,0,0,0,1.0,18870507,211,Xianda,thunder,historical
0,0,0,0,0,0.0,18870507,211,Xianda,,historical
0,0,0,0,0,0.0,18870507,211,Xianda,,historical
0,0,0,0,0,0.0,18870507,211,Xianda,,historical
0,0,0,0,0,0.0,18870507,211,Xianda,,historical
0,0,0,0,0,0.0,18870507,211,Xianda,,historical
0,0,0,0,0,0.0,18880607,212,Xianda,,historical
0,0,0,0,0,0.0,18880607,212,Xianda,,historical
0,0,0,0,0,0.0,18880607,212,Xianda,,historical
0,0,0,0,0,0.0,18880607,212,Xianda,,historical
0,0,0,0,0,0.0,18880607,212,Xianda,,historical
0,0,0,0,0,0.0,18880607,212,Xianda,,historical
0,0,0,0,0,1.0,18880607,212,Xianda,thunder,historical
1,0,0,0,1,1.0,18880607,212,Xianda,thunder,historical
0,0,0,0,0,0.0,18880803,213,Xianda,,historical
1,0,0,0,1,0.0,18880803,213,Xianda,storm,historical
1,0,0,0,1,1.0,18880803,213,Xianda,thunder,historical
0,0,0,0,0,0.0,18880803,213,Xianda,,historical
0,0,0,0,0,1.0,18880803,213,Xianda,thunder,historical
0,0,0,0,0,0.0,18880803,213,Xianda,,historical
0,0,0,0,0,1.0,18880803,213,Xianda,thunderr,historical
0,0,0,0,0,1.0,18880803,213,Xianda,thunder,historical
0,0,0,0,0,0.0,18880803,213,Xianda,,historical
0,0,0,0,0,0.0,18880803,213,Xianda,,historical
0,0,0,0,0,0.0,18880803,213,Xianda,,historical
0,0,0,0,0,0.0,18880803,213,Xianda,,historical
0,0,0,0,0,0.0,18880803,213,Xianda,,historical
0,0,0,0,0,1.0,18890712,214,Xianda,thunder,historical
0,0,0,0,0,0.0,18900416,215,Xianda,,historical
0,0,0,0,0,0.0,18900416,215,Xianda,,historical
0,0,0,0,0,0.0,18900416,215,Xianda,,historical
0,0,0,0,0,0.0,18900416,215,Xianda,,historical
0,0,0,0,0,0.0,18900416,215,Xianda,,historical
0,0,0,0,0,0.0,18900416,215,Xianda,,historical
0,0,0,0,0,0.0,18900416,215,Xianda,,historical
0,0,0,0,0,0.0,18900416,215,Xianda,,historical
0,0,0,0,0,0.0,19920628,216,Xianda,,modern
0,0,0,0,0,0.0,19920628,216,Xianda,,modern
0,0,0,0,0,0.0,19920628,216,Xianda,,modern
0,0,0,0,0,0.0,19920628,216,Xianda,,modern
0,1,0,1,0,0.0,19920628,216,Xianda,thunder,modern
0,0,0,0,0,0.0,19920628,216,Xianda,,modern
0,0,0,0,0,0.0,19920628,216,Xianda,,modern
0,0,0,0,0,0.0,19920628,216,Xianda,,modern
0,0,0,0,0,0.0,19920628,216,Xianda,,modern
0,0,0,0,0,0.0,19920628,216,Xianda,,modern
0,0,0,0,0,0.0,19970716,217,Xianda,,modern
0,1,1,0,0,0.0,19970716,217,Xianda,thunder,modern
1,0,0,0,0,0.0,19970716,217,Xianda,thunder,modern
0,0,0,0,0,0.0,19970716,217,Xianda,,modern
1,1,0,0,0,0.0,19970716,217,Xianda,thunder,modern
1,0,0,0,0,0.0,19970716,217,Xianda,thunder,modern
0,0,0,0,0,0.0,19970716,217,Xianda,,modern
0,0,0,0,0,0.0,19970716,217,Xianda,,modern
0,0,0,0,0,0.0,19980522,218,Xianda,,modern
1,0,0,0,0,0.0,19980522,218,Xianda,thunder,modern
0,0,0,0,0,0.0,19980522,218,Xianda,,modern
0,0,0,0,0,0.0,19980522,218,Xianda,,modern
0,0,0,0,0,0.0,19980522,218,Xianda,,modern
0,0,0,0,0,0.0,19980522,218,Xianda,,modern
0,0,0,0,0,0.0,19980522,218,Xianda,,modern
0,0,0,0,0,0.0,19980522,218,Xianda,,modern
0,0,0,0,0,0.0,19980522,218,Xianda,,modern
0,0,0,0,0,0.0,19980522,218,Xianda,,modern
0,0,0,0,0,0.0,19980522,218,Xianda,,modern
0,0,0,0,0,0.0,19980522,218,Xianda,,modern
0,0,0,0,0,0.0,19980522,218,Xianda,,modern
0,0,0,0,0,0.0,19980522,218,Xianda,,modern
0,0,0,0,0,0.0,19980522,218,Xianda,,modern
0,0,0,0,0,0.0,19980522,218,Xianda,,modern
0,0,0,0,0,0.0,19980522,218,Xianda,,modern
0,0,0,0,0,0.0,19980522,218,Xianda,,modern
0,0,0,0,0,0.0,19980522,218,Xianda,,modern
0,0,0,0,0,0.0,19980522,218,Xianda,,modern
0,0,0,0,0,0.0,19980522,218,Xianda,,modern
0,0,0,0,0,0.0,19980522,218,Xianda,,modern
0,0,0,0,0,0.0,19980522,218,Xianda,,modern
0,0,0,0,0,0.0,19980522,218,Xianda,,modern
0,0,0,0,0,0.0,19980522,218,Xianda,,modern
0,0,0,0,0,0.0,19980522,218,Xianda,,modern
0,0,0,0,0,0.0,19900619,219,Xianda,,modern
0,0,0,0,0,0.0,19900619,219,Xianda,,modern
0,0,0,0,0,0.0,19900619,219,Xianda,,modern
0,0,0,0,0,0.0,19900619,219,Xianda,,modern
0,0,0,0,0,0.0,19900619,219,Xianda,,modern
0,0,0,0,0,0.0,19900619,219,Xianda,,modern
0,0,0,0,0,0.0,19900619,219,Xianda,,modern
0,0,0,0,0,0.0,19900619,219,Xianda,,modern
0,0,0,0,0,0.0,19900619,219,Xianda,,modern
0,0,0,0,0,0.0,19900619,219,Xianda,,modern
0,0,0,0,0,0.0,19900619,219,Xianda,,modern
0,0,0,0,0,0.0,19900619,219,Xianda,,modern
0,0,0,0,0,0.0,19900619,219,Xianda,,modern
0,0,0,0,0,0.0,19900619,219,Xianda,,modern
0,0,0,0,0,0.0,19900619,219,Xianda,,modern
0,0,0,0,0,0.0,19900619,219,Xianda,,modern
1,0,0,0,0,0.0,19900619,219,Xianda,thunder,modern
0,0,0,0,0,0.0,19900619,219,Xianda,,modern
0,0,0,0,0,0.0,19900619,219,Xianda,,modern
0,0,0,0,0,0.0,19900619,219,Xianda,,modern
0,0,0,0,0,0.0,19900619,219,Xianda,,modern
0,0,0,0,0,0.0,19900619,219,Xianda,,modern
0,0,0,0,0,0.0,19900619,219,Xianda,,modern
0,0,0,0,0,0.0,19900619,219,Xianda,,modern
0,0,0,0,0,0.0,19900619,219,Xianda,,modern
0,0,0,0,0,0.0,19900619,219,Xianda,,modern
0,0,0,0,0,0.0,19900619,219,Xianda,,modern
0,0,0,0,0,0.0,19900619,219,Xianda,,modern
0,0,0,0,0,0.0,19900619,219,Xianda,,modern
0,0,0,0,0,0.0,19900619,219,Xianda,,modern
0,0,0,0,0,0.0,19900619,219,Xianda,,modern
1,0,0,0,0,0.0,19900619,219,Xianda,thunder,modern
0,0,0,0,0,0.0,19900619,219,Xianda,,modern
0,0,0,0,0,0.0,19900619,219,Xianda,,modern
0,0,0,0,0,0.0,19900619,219,Xianda,,modern
0,0,0,0,0,0.0,19900619,219,Xianda,,modern
0,0,0,0,0,0.0,19900619,219,Xianda,,modern
0,0,0,0,0,0.0,19900622,220,Xianda,,modern
0,0,0,0,0,0.0,19900622,220,Xianda,,modern
0,0,0,0,0,0.0,19900622,220,Xianda,,modern
0,0,0,0,0,0.0,19900622,220,Xianda,,modern
0,0,0,0,0,0.0,19900622,220,Xianda,,modern
0,0,0,0,0,0.0,19900622,220,Xianda,,modern
0,0,0,0,0,0.0,19900622,220,Xianda,,modern
0,0,0,0,0,0.0,19900622,220,Xianda,,modern
0,0,0,0,0,0.0,19900622,220,Xianda,,modern
0,0,0,0,0,0.0,19900622,220,Xianda,,modern
0,0,0,0,0,0.0,19900622,220,Xianda,,modern
0,0,0,0,0,0.0,19900622,220,Xianda,,modern
0,0,0,0,0,0.0,19900622,220,Xianda,,modern
0,0,0,0,0,0.0,19900622,220,Xianda,,modern
0,0,0,0,0,0.0,19900622,220,Xianda,,modern
0,0,0,0,0,0.0,19900622,220,Xianda,,modern
0,0,0,0,0,0.0,19900622,220,Xianda,,modern
0,0,0,0,0,0.0,19900622,220,Xianda,,modern
0,0,0,0,0,0.0,19900622,220,Xianda,,modern
0,0,0,0,0,0.0,19900622,220,Xianda,,modern
0,0,0,0,0,0.0,19900622,220,Xianda,,modern
0,0,0,0,0,0.0,19900622,220,Xianda,,modern
0,0,0,0,0,1.0,19900622,220,Xianda,thunder,modern
0,0,0,0,0,0.0,19900622,220,Xianda,thunder,modern
0,0,0,0,0,0.0,19900622,220,Xianda,thunder,modern
0,0,0,0,0,0.0,19900622,220,Xianda,thunder,modern
0,0,0,0,0,0.0,19900622,220,Xianda,thunder,modern
0,0,0,0,0,0.0,19900622,220,Xianda,,modern
0,0,0,0,0,0.0,19900622,220,Xianda,,modern
0,0,0,0,0,0.0,19900622,220,Xianda,,modern
0,0,0,0,0,0.0,19900622,220,Xianda,,modern
0,0,0,0,0,0.0,19900622,220,Xianda,,modern
0,1,0,0,0,1.0,19900622,220,Xianda,earthquake,modern
1,1,0,0,0,0.0,19900622,220,Xianda,earthquake,modern
0,0,0,0,0,0.0,19900622,220,Xianda,,modern
0,0,0,0,0,0.0,19900622,220,Xianda,,modern
0,0,0,0,0,0.0,19900622,220,Xianda,,modern
0,0,0,0,0,0.0,19900622,220,Xianda,,modern
0,0,0,0,0,0.0,19900622,220,Xianda,,modern
0,0,0,0,0,0.0,19900622,220,Xianda,,modern
0,0,0,0,0,0.0,19900622,220,Xianda,,modern
0,0,0,0,0,0.0,19900622,220,Xianda,,modern
0,0,0,0,0,0.0,19900622,220,Xianda,,modern
1,1,1,0,1,1.0,19970719,221,Xianda,Deluge,modern
1,0,1,0,1,1.0,19920216,222,Xianda,Deluge,modern
1,1,0,0,0,1.0,19980816,223,Xianda,Deluge,modern
1,0,0,0,1,1.0,20001110,224,Xianda,Deluge,modern
1,1,1,0,0,0.0,19960725,225,Xianda,Deluge,modern
0,0,0,0,1,1.0,20070722,226,Xianda,Deluge,modern
1,1,0,0,0,0.0,19930730,227,Xianda,Deluge,modern
1,0,0,1,0,0.0,19970510,228,Xianda,Deluge,modern
1,0,1,0,0,1.0,19961204,229,Xianda,Deluge,modern
1,1,1,0,0,0.0,19961017,230,Xianda,Deluge,modern
1,0,0,0,0,0.0,20080630,231,Xianda,Deluge,modern
1,1,0,0,0,1.0,19961228,232,Xianda,Deluge & tornado,modern
1,0,1,0,1,1.0,20001123,233,Xianda,Deluge,modern
0,0,0,0,0,0.0,19900129,234,Xianda,cold,modern
1,0,0,1,0,0.0,19980124,235,Xianda,Freezing,modern
1,0,0,0,0,0.0,19980107,236,Xianda,Freezing,modern
1,1,0,0,0,0.0,19980109,237,Xianda,Freezing,modern
1,0,0,0,0,1.0,19990203,238,Xianda,Freezing,modern
1,0,0,0,1,0.0,20080105,239,Xianda,Freezing,modern
0,1,0,0,0,0.0,20071223,240,Xianda,Freezing,modern
0,0,0,0,0,0.0,19921115,241,Xianda,Freezing,modern
1,1,0,0,0,0.0,20020201,242,Xianda,Freezing,modern
0,0,0,0,0,0.0,19980115,243,Xianda,Freezing,modern
0,1,0,0,0,1.0,19980118,244,Xianda,Freezing,modern
1,0,0,0,0,1.0,19970106,245,Xianda,Freezing,modern
0,1,1,0,0,0.0,20070113,246,Xianda,Freezing,modern
0,0,0,0,0,0.0,18900911,247,,rain,historical
0,0,0,0,0,0.0,18830914,248,,rain,historical
0,0,0,0,0,0.0,18820707,249,,rain,historical
0,0,0,0,0,0.0,18950122,250,,rain,historical
0,0,0,0,0,0.0,18950124,251,,snow,historical
0,0,0,0,0,0.0,18870401,252,,snow,historical
0,0,0,0,0,0.0,18811010,253,,snow,historical
0,0,0,0,0,0.0,18870115,254,,snow,historical
0,0,0,0,0,0.0,18891227,255,,snow,historical
0,0,0,0,0,0.0,18860422,256,,ice,historical
0,0,0,0,0,0.0,18860424,257,,ice,historical
0,0,0,0,0,0.0,18860610,258,,ice,historical
0,0,0,0,0,0.0,18840107,259,,ice,historical
0,0,0,0,0,0.0,18850217,260,,ice,historical
0,0,0,0,0,0.0,18960427,261,,ice,historical
0,0,0,0,0,0.0,18940330,262,,ice,historical
0,0,0,0,0,0.0,18900718,263,,torrential,historical
0,0,0,0,0,0.0,18840527,264,,torrential,historical
0,0,0,0,0,0.0,18921018,265,,torrential,historical
0,0,0,0,0,0.0,18941218,266,,torrential,historical
0,0,0,0,0,0.0,18960728,267,,torrential,historical
0,0,0,0,0,0.0,18970514,268,,torrential,historical
0,0,0,0,0,0.0,18980629,269,,torrential,historical
0,0,0,0,0,0.0,18980802,270,,torrential,historical
0,0,0,0,0,0.0,18990919,271,,torrential,historical
0,0,0,0,0,0.0,18991018,272,,torrential,historical
0,0,0,0,0,0.0,18871229,273,,snowstorm,historical
0,0,0,0,0,0.0,18940216,274,,snowstorm,historical
0,0,0,0,0,0.0,19920709,275,,Drought,modern
0,0,0,0,0,0.0,19950518,276,,Drought,modern
0,0,0,0,0,0.0,19930724,277,,Drought,modern
0,0,0,0,0,0.0,19960726,278,,Drought,modern
0,0,0,0,0,0.0,19901103,279,,Floods,modern
0,0,0,0,0,0.0,20070627,280,,Heatwaves,modern
0,0,0,0,0,0.0,19910825,281,,Heatwaves,modern
0,0,0,0,0,0.0,20050102,282,,Heatwaves,modern
0,0,0,0,0,0.0,19910801,283,,Heatwaves,modern
0,0,0,0,0,0.0,19941118,284,,Heatwaves,modern
0,0,0,0,0,0.0,19900825,285,,Snowstorm,modern
0,0,0,0,0,0.0,20010411,286,,Snowstorm,modern
0,0,0,0,0,0.0,20060103,287,,Snowstorm,modern
0,0,0,0,0,0.0,20101208,288,,Snowstorm,modern
0,0,0,0,0,0.0,18850216,289,,blizzard,historical
0,0,0,0,0,0.0,18880119,290,,blizzard,historical
0,0,0,0,0,0.0,18881219,291,,blizzard,historical
0,0,0,0,0,0.0,18901217,292,,blizzard,historical
0,0,0,0,0,0.0,18920428,293,,blizzard,historical
0,0,0,0,0,0.0,18920722,294,,blizzard,historical
0,0,0,0,0,0.0,18990705,295,,blizzard,historical
0,0,0,0,0,0.0,18821117,296,,cold,historical
0,0,0,0,0,0.0,18850128,297,,cold,historical
0,0,0,0,0,0.0,18850204,298,,cold,historical
0,0,0,0,0,0.0,18861122,299,,cold,historical
0,0,0,0,0,0.0,18880502,300,,cold,historical
0,0,0,0,0,0.0,18910226,301,,cold,historical
0,0,0,0,0,0.0,18910508,302,,cold,historical
0,0,0,0,0,0.0,18910514,303,,cold,historical
0,0,0,0,0,0.0,18960219,304,,cold,historical
0,0,0,0,0,0.0,18960806,305,,cold,historical
0,0,0,0,0,0.0,18800804,306,,deluge,historical
0,0,0,0,0,0.0,18801201,307,,deluge,historical
0,0,0,0,0,0.0,18840213,308,,deluge,historical
0,0,0,0,0,0.0,18880810,309,,deluge,historical
0,0,0,0,0,0.0,18890520,310,,deluge,historical
0,0,0,0,0,0.0,18900120,311,,deluge,historical
0,0,0,0,0,0.0,18941003,312,,deluge,historical
0,0,0,0,0,0.0,18950807,313,,deluge,historical
0,0,0,0,0,0.0,18951104,314,,deluge,historical
0,0,0,0,0,0.0,18840331,315,,drought,historical
0,0,0,0,0,0.0,18871119,316,,drought,historical
0,0,0,0,0,0.0,18890817,317,,drought,historical
0,0,0,0,0,0.0,18920812,318,,drought,historical
0,0,0,0,0,0.0,18951019,319,,freezing,historical
0,0,0,0,0,0.0,18970127,320,,freezing,historical
0,0,0,0,0,0.0,18990517,321,,freezing,historical
0,0,0,0,0,0.0,19900224,322,,heat,modern
0,0,0,0,0,0.0,19900327,323,,heat,modern
0,0,0,0,0,0.0,19900409,324,,heat,modern
0,0,0,0,0,0.0,19900301,325,,heat,modern
0,0,0,0,0,0.0,19900108,326,,ice,modern
0,0,0,0,0,0.0,20070501,327,,ice,modern
0,0,0,0,0,0.0,19920413,328,,storm,modern
0,0,0,0,0,0.0,19930218,329,,storm,modern
0,0,0,0,0,0.0,18800907,330,,thunder,historical
0,0,0,0,0,0.0,18810117,331,,thunder,historical
0,0,0,0,0,0.0,18870613,332,,thunder,historical
0,0,0,0,0,0.0,18870708,333,,thunder,historical
0,0,0,0,0,0.0,18870711,334,,thunder,historical
0,0,0,0,0,0.0,18890522,335,,thunder,historical
0,0,0,0,0,0.0,19910523,336,,thunder,modern
0,0,0,0,0,0.0,19910724,337,,thunder,modern
0,0,0,0,0,0.0,19920616,338,,thunder,modern
0,0,0,0,0,0.0,19930626,339,,thunder,modern
0,0,0,0,0,0.0,19941025,340,,thunder,modern
0,0,0,0,0,0.0,19950717,341,,thunder,modern
0,0,0,0,0,0.0,19960720,342,,thunder,modern
0,0,0,0,0,0.0,19970620,343,,thunder,modern
0,0,0,0,0,0.0,19900323,344,,thunder,modern
0,0,0,0,0,0.0,19900106,345,,cold,modern
0,0,0,0,0,0.0,19900131,346,,cold,modern
0,0,0,0,0,0.0,19900411,347,,cold,modern
0,0,0,0,0,0.0,19900228,348,,cold,modern
0,0,0,0,0,0.0,19900120,349,,cold,modern
0,0,0,0,0,0.0,20000129,350,,Freezing,modern
