ID,Date,Type,Model_Type,Infrastructural impact,Agricultural impact,Ecological impact,Financial impact,Health impact,Political impact
0,18800116,historical,deepseek-chat,1,0,0,0,0,0
1,18800120,historical,deepseek-chat,0,0,0,0,0,0
2,18800121,historical,deepseek-chat,0,0,0,0,0,0
3,18800219,historical,deepseek-chat,0,1,0,0,0,0
4,18800403,historical,deepseek-chat,0,1,1,0,0,0
5,18800408,historical,deepseek-chat,0,0,0,0,0,0
6,18800415,historical,deepseek-chat,1,0,0,0,1,0
7,18830312,historical,deepseek-chat,1,0,0,0,1,0
7,18830312,historical,deepseek-chat,0,0,0,0,0,0
7,18830312,historical,deepseek-chat,0,0,0,0,0,0
7,18830312,historical,deepseek-chat,0,0,0,0,0,0
7,18830312,historical,deepseek-chat,0,0,0,1,0,0
7,18830312,historical,deepseek-chat,1,0,0,0,0,0
7,18830312,historical,deepseek-chat,1,0,0,0,0,0
7,18830312,historical,deepseek-chat,0,0,0,0,0,0
7,18830312,historical,deepseek-chat,1,0,0,0,0,0
7,18830312,historical,deepseek-chat,0,0,0,0,0,0
8,18940213,historical,deepseek-chat,1,0,0,1,0,0
8,18940213,historical,deepseek-chat,1,0,0,0,0,0
8,18940213,historical,deepseek-chat,1,0,0,0,0,0
8,18940213,historical,deepseek-chat,1,0,0,0,0,0
8,18940213,historical,deepseek-chat,0,0,0,0,0,0
8,18940213,historical,deepseek-chat,0,0,0,0,0,0
8,18940213,historical,deepseek-chat,0,0,0,0,0,0
8,18940213,historical,deepseek-chat,0,0,0,0,0,0
8,18940213,historical,deepseek-chat,0,0,0,0,0,0
9,18950819,historical,deepseek-chat,1,1,0,1,1,0
10,18930710,historical,deepseek-chat,1,0,0,0,1,0
11,18920615,historical,deepseek-chat,1,0,0,0,1,0
11,18920615,historical,deepseek-chat,1,0,0,0,1,0
11,18920615,historical,deepseek-chat,1,0,0,0,1,0
11,18920615,historical,deepseek-chat,1,0,0,0,0,0
11,18920615,historical,deepseek-chat,1,0,0,0,0,0
11,18920615,historical,deepseek-chat,0,0,0,0,0,0
11,18920615,historical,deepseek-chat,0,0,0,0,0,0
11,18920615,historical,deepseek-chat,0,0,0,0,0,0
11,18920615,historical,deepseek-chat,0,0,0,0,0,0
11,18920615,historical,deepseek-chat,1,1,0,0,0,0
11,18920615,historical,deepseek-chat,1,0,0,1,0,0
11,18920615,historical,deepseek-chat,1,0,1,0,0,0
11,18920615,historical,deepseek-chat,0,0,0,0,0,0
12,18920223,historical,deepseek-chat,1,0,0,0,0,0
12,18920223,historical,deepseek-chat,0,0,0,0,0,0
12,18920223,historical,deepseek-chat,0,0,0,0,0,0
12,18920223,historical,deepseek-chat,0,0,0,0,0,0
12,18920223,historical,deepseek-chat,0,0,0,0,0,0
12,18920223,historical,deepseek-chat,0,0,0,0,0,0
12,18920223,historical,deepseek-chat,0,0,0,0,0,0
12,18920223,historical,deepseek-chat,0,0,0,0,0,0
12,18920223,historical,deepseek-chat,0,0,0,0,1,0
12,18920223,historical,deepseek-chat,0,0,0,0,0,0
12,18920223,historical,deepseek-chat,0,0,0,0,0,0
12,18920223,historical,deepseek-chat,0,0,0,0,0,0
12,18920223,historical,deepseek-chat,0,0,0,0,0,0
12,18920223,historical,deepseek-chat,0,0,0,0,0,0
12,18920223,historical,deepseek-chat,0,0,0,0,0,0
12,18920223,historical,deepseek-chat,0,0,0,0,0,0
12,18920223,historical,deepseek-chat,0,0,0,0,0,0
12,18920223,historical,deepseek-chat,0,0,0,0,0,0
12,18920223,historical,deepseek-chat,0,0,0,0,0,0
12,18920223,historical,deepseek-chat,0,0,0,0,0,0
12,18920223,historical,deepseek-chat,1,0,0,0,0,0
12,18920223,historical,deepseek-chat,1,0,0,0,0,0
12,18920223,historical,deepseek-chat,1,1,0,0,1,0
12,18920223,historical,deepseek-chat,1,0,0,0,1,0
12,18920223,historical,deepseek-chat,1,0,0,0,1,0
12,18920223,historical,deepseek-chat,0,0,0,0,0,0
12,18920223,historical,deepseek-chat,0,0,0,0,0,0
12,18920223,historical,deepseek-chat,0,0,0,0,0,0
12,18920223,historical,deepseek-chat,0,0,0,0,0,0
12,18920223,historical,deepseek-chat,1,0,0,0,0,0
12,18920223,historical,deepseek-chat,0,0,0,0,0,1
12,18920223,historical,deepseek-chat,0,0,0,0,0,0
12,18920223,historical,deepseek-chat,1,0,0,0,0,0
12,18920223,historical,deepseek-chat,0,0,0,0,1,0
12,18920223,historical,deepseek-chat,0,0,0,0,0,0
12,18920223,historical,deepseek-chat,1,0,0,0,0,0
12,18920223,historical,deepseek-chat,0,0,0,0,0,0
13,18910908,historical,deepseek-chat,1,0,0,0,1,0
14,18961014,historical,deepseek-chat,1,0,1,0,0,0
15,18930830,historical,deepseek-chat,0,0,0,0,0,0
15,18930830,historical,deepseek-chat,1,0,0,0,1,0
15,18930830,historical,deepseek-chat,1,0,0,1,0,0
15,18930830,historical,deepseek-chat,1,0,0,0,1,0
15,18930830,historical,deepseek-chat,1,1,0,0,0,0
15,18930830,historical,deepseek-chat,1,1,0,0,0,0
15,18930830,historical,deepseek-chat,1,0,0,0,0,0
15,18930830,historical,deepseek-chat,1,0,0,0,0,0
15,18930830,historical,deepseek-chat,0,0,0,0,1,0
15,18930830,historical,deepseek-chat,1,0,0,0,0,0
15,18930830,historical,deepseek-chat,0,0,0,0,0,0
15,18930830,historical,deepseek-chat,0,0,0,0,0,0
15,18930830,historical,deepseek-chat,0,0,0,0,0,0
15,18930830,historical,deepseek-chat,0,0,0,0,0,0
15,18930830,historical,deepseek-chat,0,0,0,0,0,0
15,18930830,historical,deepseek-chat,0,0,0,1,0,0
15,18930830,historical,deepseek-chat,0,0,0,0,0,0
15,18930830,historical,deepseek-chat,0,0,0,0,0,0
15,18930830,historical,deepseek-chat,0,0,0,0,0,0
15,18930830,historical,deepseek-chat,0,0,0,0,0,0
15,18930830,historical,deepseek-chat,1,0,0,0,0,0
15,18930830,historical,deepseek-chat,1,0,0,0,0,0
15,18930830,historical,deepseek-chat,1,0,0,0,0,0
15,18930830,historical,deepseek-chat,1,0,0,0,1,0
15,18930830,historical,deepseek-chat,1,0,0,1,0,0
15,18930830,historical,deepseek-chat,1,0,0,1,0,0
16,18860106,historical,deepseek-chat,1,0,0,0,0,0
17,18950819,historical,deepseek-chat,1,1,0,0,1,0
18,18890805,historical,deepseek-chat,1,1,0,0,1,0
19,18830205,historical,deepseek-chat,1,0,0,1,1,0
20,18880903,historical,deepseek-chat,0,1,0,0,0,0
21,18840912,historical,deepseek-chat,1,0,0,1,0,0
22,18841230,historical,deepseek-chat,1,1,1,0,0,0
23,18900206,historical,deepseek-chat,1,0,0,0,0,0
24,18951011,historical,deepseek-chat,1,0,0,1,0,0
25,18980623,historical,deepseek-chat,0,1,0,0,0,0
26,18940213,historical,deepseek-chat,1,0,0,0,1,0
26,18940213,historical,deepseek-chat,1,0,0,0,0,0
26,18940213,historical,deepseek-chat,1,0,0,0,0,0
26,18940213,historical,deepseek-chat,1,0,0,0,0,0
26,18940213,historical,deepseek-chat,1,0,0,0,0,0
26,18940213,historical,deepseek-chat,1,0,0,0,0,0
26,18940213,historical,deepseek-chat,1,0,0,0,1,0
26,18940213,historical,deepseek-chat,0,0,0,0,1,0
26,18940213,historical,deepseek-chat,1,0,0,0,0,0
26,18940213,historical,deepseek-chat,1,0,0,0,1,0
26,18940213,historical,deepseek-chat,1,0,0,0,1,0
26,18940213,historical,deepseek-chat,1,0,0,0,0,0
26,18940213,historical,deepseek-chat,1,0,0,0,0,0
26,18940213,historical,deepseek-chat,1,0,0,0,0,0
26,18940213,historical,deepseek-chat,1,1,0,0,0,0
26,18940213,historical,deepseek-chat,1,0,0,0,1,0
26,18940213,historical,deepseek-chat,1,0,0,0,1,0
26,18940213,historical,deepseek-chat,1,0,0,0,1,0
26,18940213,historical,deepseek-chat,0,0,0,0,0,0
26,18940213,historical,deepseek-chat,1,0,0,0,1,0
27,18980207,historical,deepseek-chat,1,0,0,1,1,0
28,18950515,historical,deepseek-chat,0,1,0,1,0,0
29,18981128,historical,deepseek-chat,1,0,0,1,0,0
29,18981128,historical,deepseek-chat,1,0,0,1,0,0
29,18981128,historical,deepseek-chat,0,0,0,1,0,0
29,18981128,historical,deepseek-chat,1,0,0,0,0,0
29,18981128,historical,deepseek-chat,1,0,0,0,0,0
29,18981128,historical,deepseek-chat,1,0,0,0,0,0
29,18981128,historical,deepseek-chat,1,0,0,0,0,0
29,18981128,historical,deepseek-chat,0,0,0,0,1,0
29,18981128,historical,deepseek-chat,1,0,0,0,1,0
29,18981128,historical,deepseek-chat,1,0,0,0,1,0
29,18981128,historical,deepseek-chat,1,0,0,0,0,0
29,18981128,historical,deepseek-chat,1,0,0,0,1,0
29,18981128,historical,deepseek-chat,1,0,0,0,0,0
29,18981128,historical,deepseek-chat,0,0,0,0,0,0
29,18981128,historical,deepseek-chat,0,0,0,0,0,0
29,18981128,historical,deepseek-chat,0,0,0,0,0,0
29,18981128,historical,deepseek-chat,1,0,0,0,1,0
29,18981128,historical,deepseek-chat,0,0,0,0,1,0
29,18981128,historical,deepseek-chat,0,0,0,0,0,0
29,18981128,historical,deepseek-chat,1,0,0,0,0,0
30,18981124,historical,deepseek-chat,1,0,0,0,0,0
31,18820222,historical,deepseek-chat,1,0,0,1,0,0
32,18860123,historical,deepseek-chat,1,0,0,0,0,0
33,18830321,historical,deepseek-chat,0,0,0,0,0,0
33,18830321,historical,deepseek-chat,1,0,0,0,0,0
33,18830321,historical,deepseek-chat,0,0,0,0,0,0
33,18830321,historical,deepseek-chat,0,0,0,0,0,0
33,18830321,historical,deepseek-chat,0,0,0,0,0,0
33,18830321,historical,deepseek-chat,0,0,0,0,0,0
33,18830321,historical,deepseek-chat,0,0,0,0,0,0
33,18830321,historical,deepseek-chat,0,0,0,0,0,0
33,18830321,historical,deepseek-chat,0,0,0,0,0,0
33,18830321,historical,deepseek-chat,1,0,0,0,0,0
33,18830321,historical,deepseek-chat,0,0,0,0,0,0
33,18830321,historical,deepseek-chat,0,0,0,0,0,0
33,18830321,historical,deepseek-chat,0,0,0,0,0,0
33,18830321,historical,deepseek-chat,0,0,0,0,0,0
33,18830321,historical,deepseek-chat,1,0,0,0,0,0
33,18830321,historical,deepseek-chat,1,0,0,0,0,0
33,18830321,historical,deepseek-chat,1,0,0,1,1,0
33,18830321,historical,deepseek-chat,0,1,0,0,1,0
33,18830321,historical,deepseek-chat,1,1,0,1,1,0
33,18830321,historical,deepseek-chat,0,0,0,0,0,0
34,18870329,historical,deepseek-chat,1,0,0,1,0,0
34,18870329,historical,deepseek-chat,0,0,0,0,0,0
34,18870329,historical,deepseek-chat,0,0,0,0,0,0
34,18870329,historical,deepseek-chat,0,0,0,0,0,0
34,18870329,historical,deepseek-chat,0,0,0,0,0,0
34,18870329,historical,deepseek-chat,1,0,0,0,0,0
34,18870329,historical,deepseek-chat,1,0,0,0,0,0
34,18870329,historical,deepseek-chat,0,0,0,0,0,0
34,18870329,historical,deepseek-chat,0,0,0,0,1,0
34,18870329,historical,deepseek-chat,1,0,0,0,0,0
34,18870329,historical,deepseek-chat,0,0,0,0,0,0
34,18870329,historical,deepseek-chat,0,0,0,0,0,0
34,18870329,historical,deepseek-chat,0,0,0,0,0,0
35,18870301,historical,deepseek-chat,1,0,0,0,1,0
36,18890408,historical,deepseek-chat,1,0,0,0,0,0
37,18860205,historical,deepseek-chat,1,1,0,0,1,0
38,18950515,historical,deepseek-chat,0,1,0,0,0,0
39,18850404,historical,deepseek-chat,1,0,0,1,0,0
40,18980321,historical,deepseek-chat,1,0,0,1,0,0
41,18841107,historical,deepseek-chat,1,0,0,1,1,0
42,18960101,historical,deepseek-chat,1,0,1,0,1,0
43,18870822,historical,deepseek-chat,1,0,0,0,0,1
44,18860419,historical,deepseek-chat,1,0,0,0,0,0
44,18860419,historical,deepseek-chat,1,0,0,0,0,0
44,18860419,historical,deepseek-chat,1,0,0,0,0,0
44,18860419,historical,deepseek-chat,1,0,1,0,0,0
44,18860419,historical,deepseek-chat,1,0,0,0,0,0
44,18860419,historical,deepseek-chat,1,0,0,0,0,0
44,18860419,historical,deepseek-chat,1,0,0,0,0,0
44,18860419,historical,deepseek-chat,1,0,0,1,0,0
44,18860419,historical,deepseek-chat,1,0,1,0,0,0
44,18860419,historical,deepseek-chat,1,0,0,0,0,0
44,18860419,historical,deepseek-chat,1,0,0,0,0,0
44,18860419,historical,deepseek-chat,1,0,0,0,0,0
44,18860419,historical,deepseek-chat,1,0,0,0,0,0
44,18860419,historical,deepseek-chat,1,0,0,0,0,0
44,18860419,historical,deepseek-chat,1,0,1,1,0,0
44,18860419,historical,deepseek-chat,1,0,0,0,0,0
44,18860419,historical,deepseek-chat,0,0,0,0,0,0
44,18860419,historical,deepseek-chat,1,0,0,0,0,0
44,18860419,historical,deepseek-chat,1,0,0,0,0,0
44,18860419,historical,deepseek-chat,1,0,0,0,0,1
44,18860419,historical,deepseek-chat,1,0,0,0,0,1
44,18860419,historical,deepseek-chat,1,0,0,0,1,0
44,18860419,historical,deepseek-chat,0,0,0,0,0,0
45,18860407,historical,deepseek-chat,1,0,0,0,0,0
45,18860407,historical,deepseek-chat,1,0,0,0,1,0
45,18860407,historical,deepseek-chat,1,0,0,0,1,0
45,18860407,historical,deepseek-chat,1,0,0,0,0,0
46,18870425,historical,deepseek-chat,1,0,1,1,0,0
47,18990114,historical,deepseek-chat,1,0,0,0,0,0
48,18981019,historical,deepseek-chat,1,0,0,0,1,0
49,18990925,historical,deepseek-chat,1,1,0,0,0,0
50,18800623,historical,deepseek-chat,1,0,0,0,1,0
51,18961023,historical,deepseek-chat,1,0,0,0,0,0
52,18971227,historical,deepseek-chat,0,1,0,1,0,0
53,18841107,historical,deepseek-chat,1,0,0,0,0,0
53,18841107,historical,deepseek-chat,1,0,0,1,0,0
53,18841107,historical,deepseek-chat,1,0,0,1,0,0
53,18841107,historical,deepseek-chat,1,0,0,1,0,0
53,18841107,historical,deepseek-chat,1,0,0,0,0,0
53,18841107,historical,deepseek-chat,1,0,0,0,1,0
54,18901203,historical,deepseek-chat,1,0,0,1,0,0
55,18910310,historical,deepseek-chat,1,0,1,1,1,0
56,18911214,historical,deepseek-chat,1,0,0,0,0,0
56,18911214,historical,deepseek-chat,1,0,0,1,1,0
56,18911214,historical,deepseek-chat,1,0,0,0,1,0
56,18911214,historical,deepseek-chat,0,0,0,0,0,0
57,18990109,historical,deepseek-chat,1,0,0,1,0,0
58,18820222,historical,deepseek-chat,1,0,0,1,0,0
58,18820222,historical,deepseek-chat,1,1,0,0,0,0
58,18820222,historical,deepseek-chat,1,1,0,0,0,0
59,18981124,historical,deepseek-chat,1,0,0,1,0,0
60,18871229,historical,deepseek-chat,1,0,0,0,0,0
61,18840128,historical,deepseek-chat,1,0,0,0,1,0
61,18840128,historical,deepseek-chat,1,0,0,0,1,0
61,18840128,historical,deepseek-chat,1,0,0,0,1,0
62,18840303,historical,deepseek-chat,1,0,0,0,0,0
63,18940213,historical,deepseek-chat,1,0,0,0,1,0
64,18910127,historical,deepseek-chat,1,0,0,0,0,0
65,18940410,historical,deepseek-chat,1,0,0,0,0,0
66,18940217,historical,deepseek-chat,1,0,0,0,1,0
67,18981128,historical,deepseek-chat,1,0,0,1,0,0
68,18860423,historical,deepseek-chat,1,0,0,1,1,1
69,18860125,historical,deepseek-chat,1,1,0,1,1,0
70,18970625,historical,deepseek-chat,1,0,0,1,0,0
71,18930314,historical,deepseek-chat,1,0,0,1,0,0
72,18860426,historical,deepseek-chat,1,0,0,1,0,1
73,18850427,historical,deepseek-chat,1,1,1,1,1,0
74,18830607,historical,deepseek-chat,1,0,0,1,0,0
75,18971130,historical,deepseek-chat,1,0,0,1,1,0
76,18940612,historical,deepseek-chat,1,0,0,1,0,0
77,18880927,historical,deepseek-chat,1,0,0,1,1,1
78,18990510,historical,deepseek-chat,0,1,0,0,0,0
79,18950417,historical,deepseek-chat,1,0,0,1,0,0
80,18870423,historical,deepseek-chat,1,0,0,1,0,1
81,18860116,historical,deepseek-chat,1,0,0,1,0,1
82,19980109,modern,deepseek-chat,1,0,0,0,0,0
82,19980109,modern,deepseek-chat,1,0,0,0,0,0
82,19980109,modern,deepseek-chat,1,0,0,0,0,0
82,19980109,modern,deepseek-chat,1,0,0,0,0,0
82,19980109,modern,deepseek-chat,1,0,0,0,0,0
82,19980109,modern,deepseek-chat,1,0,0,0,0,0
82,19980109,modern,deepseek-chat,1,0,0,0,0,0
82,19980109,modern,deepseek-chat,0,0,0,0,0,0
82,19980109,modern,deepseek-chat,1,0,0,1,0,0
82,19980109,modern,deepseek-chat,1,0,0,1,0,0
82,19980109,modern,deepseek-chat,1,0,0,1,0,0
82,19980109,modern,deepseek-chat,0,0,0,1,0,0
82,19980109,modern,deepseek-chat,1,0,0,1,0,1
82,19980109,modern,deepseek-chat,1,0,0,0,0,1
82,19980109,modern,deepseek-chat,1,1,0,0,0,0
82,19980109,modern,deepseek-chat,0,0,0,1,0,0
82,19980109,modern,deepseek-chat,0,0,0,0,0,0
82,19980109,modern,deepseek-chat,0,0,0,0,0,0
82,19980109,modern,deepseek-chat,0,0,0,0,0,0
82,19980109,modern,deepseek-chat,0,0,0,0,0,0
82,19980109,modern,deepseek-chat,0,0,0,0,0,0
82,19980109,modern,deepseek-chat,0,0,0,0,0,0
82,19980109,modern,deepseek-chat,0,0,0,0,0,0
82,19980109,modern,deepseek-chat,0,0,0,0,0,0
82,19980109,modern,deepseek-chat,0,0,0,0,0,0
82,19980109,modern,deepseek-chat,0,0,0,0,0,0
82,19980109,modern,deepseek-chat,0,0,0,0,0,0
82,19980109,modern,deepseek-chat,0,0,0,0,0,0
82,19980109,modern,deepseek-chat,1,0,0,0,0,0
82,19980109,modern,deepseek-chat,1,0,1,0,0,0
82,19980109,modern,deepseek-chat,0,0,1,0,0,0
82,19980109,modern,deepseek-chat,0,0,1,0,0,0
82,19980109,modern,deepseek-chat,0,0,1,0,0,1
82,19980109,modern,deepseek-chat,0,0,1,0,0,0
82,19980109,modern,deepseek-chat,1,0,1,0,0,0
82,19980109,modern,deepseek-chat,1,0,0,0,0,0
82,19980109,modern,deepseek-chat,0,0,0,0,0,0
82,19980109,modern,deepseek-chat,0,0,0,0,0,0
83,20001106,modern,deepseek-chat,1,0,0,1,0,1
83,20001106,modern,deepseek-chat,1,0,0,1,0,0
83,20001106,modern,deepseek-chat,1,0,0,0,0,0
83,20001106,modern,deepseek-chat,0,0,0,0,0,0
83,20001106,modern,deepseek-chat,0,0,0,0,0,0
83,20001106,modern,deepseek-chat,0,0,0,0,0,0
83,20001106,modern,deepseek-chat,0,0,0,0,0,0
83,20001106,modern,deepseek-chat,0,0,0,0,0,0
83,20001106,modern,deepseek-chat,0,0,0,0,0,0
83,20001106,modern,deepseek-chat,0,0,0,0,0,0
83,20001106,modern,deepseek-chat,0,0,0,0,0,0
83,20001106,modern,deepseek-chat,0,0,0,0,0,0
83,20001106,modern,deepseek-chat,0,0,0,0,0,0
83,20001106,modern,deepseek-chat,0,0,0,0,0,0
83,20001106,modern,deepseek-chat,0,0,0,0,0,0
83,20001106,modern,deepseek-chat,0,0,0,0,0,0
83,20001106,modern,deepseek-chat,0,0,0,0,0,0
83,20001106,modern,deepseek-chat,0,0,0,0,0,0
83,20001106,modern,deepseek-chat,0,0,0,0,0,0
83,20001106,modern,deepseek-chat,0,0,0,0,0,0
83,20001106,modern,deepseek-chat,0,0,0,0,0,0
83,20001106,modern,deepseek-chat,0,0,0,0,0,0
83,20001106,modern,deepseek-chat,0,0,0,0,0,0
83,20001106,modern,deepseek-chat,0,0,0,0,0,0
83,20001106,modern,deepseek-chat,1,0,0,0,1,0
83,20001106,modern,deepseek-chat,0,0,0,0,0,0
83,20001106,modern,deepseek-chat,0,0,0,0,0,0
83,20001106,modern,deepseek-chat,0,0,0,1,0,0
84,19980124,modern,deepseek-chat,1,0,1,0,0,1
85,20040906,modern,deepseek-chat,1,0,0,0,1,0
86,20080424,modern,deepseek-chat,0,0,1,0,0,0
86,20080424,modern,deepseek-chat,1,0,1,1,0,0
86,20080424,modern,deepseek-chat,1,0,0,1,0,0
86,20080424,modern,deepseek-chat,1,0,0,1,0,0
86,20080424,modern,deepseek-chat,0,0,0,1,0,1
86,20080424,modern,deepseek-chat,0,0,0,0,0,0
86,20080424,modern,deepseek-chat,0,0,0,0,0,0
86,20080424,modern,deepseek-chat,0,0,0,0,0,0
86,20080424,modern,deepseek-chat,0,0,0,0,0,0
86,20080424,modern,deepseek-chat,0,0,0,0,0,0
86,20080424,modern,deepseek-chat,0,0,0,0,0,0
86,20080424,modern,deepseek-chat,0,0,0,0,0,0
86,20080424,modern,deepseek-chat,0,0,0,0,0,0
86,20080424,modern,deepseek-chat,0,0,0,0,0,0
87,19980114,modern,deepseek-chat,1,0,0,0,0,0
87,19980114,modern,deepseek-chat,1,0,0,0,0,0
87,19980114,modern,deepseek-chat,1,0,0,0,1,1
87,19980114,modern,deepseek-chat,1,0,0,0,0,0
87,19980114,modern,deepseek-chat,1,0,0,0,0,0
87,19980114,modern,deepseek-chat,1,0,0,0,0,0
87,19980114,modern,deepseek-chat,1,0,0,1,0,0
87,19980114,modern,deepseek-chat,1,0,0,1,0,0
87,19980114,modern,deepseek-chat,0,0,0,1,0,0
87,19980114,modern,deepseek-chat,1,0,0,0,0,1
87,19980114,modern,deepseek-chat,1,0,0,1,0,1
87,19980114,modern,deepseek-chat,0,0,0,1,0,0
88,19960724,modern,deepseek-chat,0,0,0,0,0,0
88,19960724,modern,deepseek-chat,0,0,0,0,0,0
88,19960724,modern,deepseek-chat,0,0,0,0,0,0
88,19960724,modern,deepseek-chat,1,0,0,0,0,0
88,19960724,modern,deepseek-chat,1,0,1,0,1,1
88,19960724,modern,deepseek-chat,1,0,0,0,1,0
88,19960724,modern,deepseek-chat,0,0,0,0,1,0
88,19960724,modern,deepseek-chat,0,0,0,0,0,0
88,19960724,modern,deepseek-chat,0,0,0,1,0,1
88,19960724,modern,deepseek-chat,1,0,0,1,0,0
88,19960724,modern,deepseek-chat,1,0,0,1,0,0
88,19960724,modern,deepseek-chat,1,0,0,0,0,0
88,19960724,modern,deepseek-chat,1,0,1,1,0,0
88,19960724,modern,deepseek-chat,1,0,0,1,0,0
88,19960724,modern,deepseek-chat,0,0,0,0,0,0
88,19960724,modern,deepseek-chat,0,0,0,0,0,0
88,19960724,modern,deepseek-chat,0,0,0,0,0,0
88,19960724,modern,deepseek-chat,0,0,0,0,0,0
88,19960724,modern,deepseek-chat,0,0,0,0,0,0
88,19960724,modern,deepseek-chat,0,0,0,0,0,0
88,19960724,modern,deepseek-chat,0,0,0,0,0,0
88,19960724,modern,deepseek-chat,0,0,0,0,0,0
88,19960724,modern,deepseek-chat,0,0,0,0,0,0
88,19960724,modern,deepseek-chat,0,0,0,0,0,0
88,19960724,modern,deepseek-chat,0,0,0,0,0,0
88,19960724,modern,deepseek-chat,0,0,0,0,0,0
88,19960724,modern,deepseek-chat,0,0,0,0,0,0
88,19960724,modern,deepseek-chat,0,0,0,0,0,0
88,19960724,modern,deepseek-chat,0,0,0,0,0,0
88,19960724,modern,deepseek-chat,0,0,0,0,0,0
88,19960724,modern,deepseek-chat,0,0,0,0,0,0
88,19960724,modern,deepseek-chat,0,0,0,0,0,0
88,19960724,modern,deepseek-chat,0,0,0,0,0,0
88,19960724,modern,deepseek-chat,1,0,0,0,0,0
88,19960724,modern,deepseek-chat,1,0,0,0,0,0
88,19960724,modern,deepseek-chat,1,0,0,1,0,0
88,19960724,modern,deepseek-chat,1,0,0,0,0,1
88,19960724,modern,deepseek-chat,0,0,0,0,0,0
88,19960724,modern,deepseek-chat,0,0,0,0,0,0
89,19930731,modern,deepseek-chat,1,1,1,0,1,0
89,19930731,modern,deepseek-chat,1,0,1,0,0,0
89,19930731,modern,deepseek-chat,1,1,0,0,1,0
89,19930731,modern,deepseek-chat,0,0,0,0,0,0
89,19930731,modern,deepseek-chat,0,0,0,0,0,0
89,19930731,modern,deepseek-chat,0,0,0,0,0,0
89,19930731,modern,deepseek-chat,0,0,0,0,0,0
89,19930731,modern,deepseek-chat,0,0,0,0,0,0
89,19930731,modern,deepseek-chat,0,0,0,0,0,0
89,19930731,modern,deepseek-chat,0,0,0,0,0,0
89,19930731,modern,deepseek-chat,0,0,0,0,0,0
89,19930731,modern,deepseek-chat,0,0,0,0,0,0
89,19930731,modern,deepseek-chat,0,0,0,0,0,0
89,19930731,modern,deepseek-chat,0,0,0,0,0,0
89,19930731,modern,deepseek-chat,0,0,0,0,0,0
89,19930731,modern,deepseek-chat,0,0,0,0,0,0
89,19930731,modern,deepseek-chat,0,0,0,0,0,0
89,19930731,modern,deepseek-chat,0,0,0,0,0,0
89,19930731,modern,deepseek-chat,0,0,0,0,0,0
89,19930731,modern,deepseek-chat,0,0,0,0,0,0
89,19930731,modern,deepseek-chat,0,0,0,0,0,0
89,19930731,modern,deepseek-chat,0,0,0,0,0,0
90,20000715,modern,deepseek-chat,1,0,0,0,1,0
91,20070626,modern,deepseek-chat,1,0,0,1,1,0
92,20061203,modern,deepseek-chat,1,0,1,0,1,0
92,20061203,modern,deepseek-chat,1,0,0,0,0,0
92,20061203,modern,deepseek-chat,1,0,1,0,0,0
92,20061203,modern,deepseek-chat,1,0,0,0,0,0
92,20061203,modern,deepseek-chat,1,0,0,0,0,0
92,20061203,modern,deepseek-chat,1,0,0,0,1,0
92,20061203,modern,deepseek-chat,1,0,0,0,0,0
92,20061203,modern,deepseek-chat,0,0,0,0,0,0
92,20061203,modern,deepseek-chat,0,0,0,0,0,0
92,20061203,modern,deepseek-chat,0,0,0,0,0,0
92,20061203,modern,deepseek-chat,0,0,0,0,0,0
92,20061203,modern,deepseek-chat,0,0,0,0,0,0
92,20061203,modern,deepseek-chat,1,0,0,0,0,0
92,20061203,modern,deepseek-chat,0,0,0,0,0,0
92,20061203,modern,deepseek-chat,0,0,0,0,0,0
92,20061203,modern,deepseek-chat,0,0,0,0,0,0
92,20061203,modern,deepseek-chat,1,0,0,0,0,0
92,20061203,modern,deepseek-chat,1,0,0,0,0,0
92,20061203,modern,deepseek-chat,1,0,0,0,0,0
92,20061203,modern,deepseek-chat,0,0,0,0,0,0
92,20061203,modern,deepseek-chat,1,0,1,0,1,0
92,20061203,modern,deepseek-chat,1,0,0,0,1,0
92,20061203,modern,deepseek-chat,1,0,0,1,1,1
92,20061203,modern,deepseek-chat,0,0,0,0,0,0
92,20061203,modern,deepseek-chat,0,0,0,0,0,0
92,20061203,modern,deepseek-chat,0,0,0,0,0,0
92,20061203,modern,deepseek-chat,0,0,0,0,0,0
92,20061203,modern,deepseek-chat,0,0,0,0,0,0
92,20061203,modern,deepseek-chat,0,0,0,0,0,0
92,20061203,modern,deepseek-chat,0,0,0,0,0,0
92,20061203,modern,deepseek-chat,0,0,0,0,0,0
92,20061203,modern,deepseek-chat,0,0,0,0,0,0
92,20061203,modern,deepseek-chat,0,0,0,0,0,0
92,20061203,modern,deepseek-chat,0,0,0,0,0,0
92,20061203,modern,deepseek-chat,0,0,0,0,0,0
92,20061203,modern,deepseek-chat,0,0,0,0,0,0
93,19990108,modern,deepseek-chat,1,0,0,0,1,1
94,19980912,modern,deepseek-chat,1,0,0,0,0,0
95,20080105,modern,deepseek-chat,1,0,0,0,0,0
96,19951006,modern,deepseek-chat,1,0,0,1,0,0
97,20020821,modern,deepseek-chat,1,0,0,1,0,0
98,19901112,modern,deepseek-chat,1,1,0,1,0,1
98,19901112,modern,deepseek-chat,1,1,0,1,1,0
98,19901112,modern,deepseek-chat,1,1,0,1,0,0
98,19901112,modern,deepseek-chat,0,0,0,0,0,0
98,19901112,modern,deepseek-chat,0,0,0,0,0,0
98,19901112,modern,deepseek-chat,0,0,0,0,0,0
98,19901112,modern,deepseek-chat,0,0,0,0,0,0
98,19901112,modern,deepseek-chat,0,0,0,0,0,0
98,19901112,modern,deepseek-chat,0,0,0,0,0,0
98,19901112,modern,deepseek-chat,0,0,0,0,0,0
98,19901112,modern,deepseek-chat,0,0,0,0,0,0
98,19901112,modern,deepseek-chat,0,0,0,0,0,0
98,19901112,modern,deepseek-chat,0,0,0,0,0,0
98,19901112,modern,deepseek-chat,0,0,0,0,0,0
99,19901222,modern,deepseek-chat,0,1,0,1,0,1
100,19931113,modern,deepseek-chat,0,0,1,0,0,0
101,19900422,modern,deepseek-chat,0,0,1,0,0,0
101,19900422,modern,deepseek-chat,0,1,1,0,0,0
101,19900422,modern,deepseek-chat,0,1,1,0,0,0
101,19900422,modern,deepseek-chat,0,1,1,1,0,1
101,19900422,modern,deepseek-chat,1,0,1,0,0,1
101,19900422,modern,deepseek-chat,0,1,1,0,0,0
101,19900422,modern,deepseek-chat,0,1,1,0,0,0
101,19900422,modern,deepseek-chat,1,1,1,0,0,0
101,19900422,modern,deepseek-chat,0,1,1,0,0,0
101,19900422,modern,deepseek-chat,0,1,1,0,0,0
101,19900422,modern,deepseek-chat,0,1,1,0,0,0
101,19900422,modern,deepseek-chat,0,0,0,0,1,0
102,19910317,modern,deepseek-chat,0,0,0,0,0,0
103,19950630,modern,deepseek-chat,1,0,1,1,0,0
104,19990522,modern,deepseek-chat,0,0,0,0,0,0
105,19970419,modern,deepseek-chat,0,1,1,0,0,0
106,19980502,modern,deepseek-chat,1,1,1,0,1,0
107,19920330,modern,deepseek-chat,0,0,0,1,0,1
107,19920330,modern,deepseek-chat,0,0,1,0,0,1
107,19920330,modern,deepseek-chat,0,0,0,0,0,0
107,19920330,modern,deepseek-chat,0,0,0,0,0,0
107,19920330,modern,deepseek-chat,0,0,0,0,0,0
107,19920330,modern,deepseek-chat,0,1,0,1,0,1
107,19920330,modern,deepseek-chat,0,0,0,0,0,0
107,19920330,modern,deepseek-chat,0,0,0,0,0,0
107,19920330,modern,deepseek-chat,0,0,0,0,0,0
107,19920330,modern,deepseek-chat,0,0,0,0,0,0
107,19920330,modern,deepseek-chat,0,0,0,0,0,0
107,19920330,modern,deepseek-chat,0,1,0,0,1,0
107,19920330,modern,deepseek-chat,0,1,0,0,1,1
107,19920330,modern,deepseek-chat,0,1,0,0,1,1
107,19920330,modern,deepseek-chat,0,1,0,1,0,0
107,19920330,modern,deepseek-chat,0,1,0,1,1,0
107,19920330,modern,deepseek-chat,0,1,0,1,1,1
107,19920330,modern,deepseek-chat,0,0,0,0,0,0
107,19920330,modern,deepseek-chat,0,0,0,0,0,0
107,19920330,modern,deepseek-chat,0,0,0,0,0,0
107,19920330,modern,deepseek-chat,0,0,0,0,0,0
107,19920330,modern,deepseek-chat,0,0,0,0,0,0
107,19920330,modern,deepseek-chat,0,0,0,0,0,0
107,19920330,modern,deepseek-chat,0,0,0,0,0,0
107,19920330,modern,deepseek-chat,0,0,0,0,0,0
107,19920330,modern,deepseek-chat,0,0,0,0,0,0
108,19980404,modern,deepseek-chat,1,0,1,0,0,1
109,19921010,modern,deepseek-chat,0,1,1,0,0,0
110,19940219,modern,deepseek-chat,0,0,0,0,0,0
111,19900624,modern,deepseek-chat,1,0,0,0,0,0
112,19900422,modern,deepseek-chat,0,1,1,0,0,0
113,19900616,modern,deepseek-chat,1,0,0,0,1,0
114,19901215,modern,deepseek-chat,0,0,0,0,0,0
115,19900421,modern,deepseek-chat,0,0,1,0,0,0
116,19900513,modern,deepseek-chat,0,0,0,0,0,0
117,19930711,modern,deepseek-chat,0,0,0,0,1,0
118,20070626,modern,deepseek-chat,1,0,0,0,0,0
118,20070626,modern,deepseek-chat,1,0,0,0,1,1
118,20070626,modern,deepseek-chat,1,0,0,0,1,0
118,20070626,modern,deepseek-chat,0,0,0,0,1,0
118,20070626,modern,deepseek-chat,1,0,0,0,1,0
118,20070626,modern,deepseek-chat,1,0,0,0,1,0
118,20070626,modern,deepseek-chat,0,0,0,0,1,0
118,20070626,modern,deepseek-chat,0,0,0,0,1,0
119,20060802,modern,deepseek-chat,0,0,1,0,0,0
120,20030628,modern,deepseek-chat,0,0,0,0,1,0
121,19950618,modern,deepseek-chat,0,0,0,0,1,0
122,20020819,modern,deepseek-chat,0,0,0,0,1,0
123,19930708,modern,deepseek-chat,0,0,0,0,1,0
124,19950614,modern,deepseek-chat,0,0,0,0,1,0
125,19901205,modern,deepseek-chat,1,0,0,0,0,0
126,20090108,modern,deepseek-chat,1,0,0,0,0,0
127,20000413,modern,deepseek-chat,0,0,0,0,0,0
128,19910302,modern,deepseek-chat,1,0,0,1,0,0
129,19930318,modern,deepseek-chat,1,0,0,0,1,0
130,19970625,modern,deepseek-chat,1,0,0,1,0,0
131,20080109,modern,deepseek-chat,1,0,0,0,0,0
132,19940318,modern,deepseek-chat,0,0,0,0,0,0
133,19990117,modern,deepseek-chat,1,0,0,1,0,0
134,19951231,modern,deepseek-chat,1,0,1,0,0,0
135,19980109,modern,deepseek-chat,1,0,0,1,0,0
135,19980109,modern,deepseek-chat,1,0,0,1,0,0
135,19980109,modern,deepseek-chat,1,0,0,1,0,0
135,19980109,modern,deepseek-chat,1,0,0,0,0,0
135,19980109,modern,deepseek-chat,0,0,0,0,0,0
135,19980109,modern,deepseek-chat,0,0,0,0,0,0
135,19980109,modern,deepseek-chat,0,0,0,0,0,0
135,19980109,modern,deepseek-chat,0,0,0,0,0,0
136,19931226,modern,deepseek-chat,1,0,0,0,0,0
137,20071222,modern,deepseek-chat,1,0,0,0,0,0
138,19990710,modern,deepseek-chat,1,0,0,0,1,0
138,19990710,modern,deepseek-chat,0,1,1,1,1,1
138,19990710,modern,deepseek-chat,1,1,0,0,1,0
138,19990710,modern,deepseek-chat,0,0,0,0,0,0
139,18801116,historical,deepseek-chat,0,1,0,0,0,0
140,18861119,historical,deepseek-chat,0,0,0,0,0,0
141,18890913,historical,deepseek-chat,1,0,0,0,0,0
142,18891130,historical,deepseek-chat,1,0,0,1,1,0
142,18891130,historical,deepseek-chat,1,0,0,0,0,0
142,18891130,historical,deepseek-chat,1,0,0,1,0,0
143,18911207,historical,deepseek-chat,1,1,0,0,0,0
144,18921228,historical,deepseek-chat,1,0,1,0,0,0
145,18941228,historical,deepseek-chat,1,0,0,0,0,0
145,18941228,historical,deepseek-chat,1,0,0,0,0,0
145,18941228,historical,deepseek-chat,1,0,0,0,0,0
145,18941228,historical,deepseek-chat,1,0,0,0,0,0
145,18941228,historical,deepseek-chat,1,0,0,1,0,0
145,18941228,historical,deepseek-chat,1,0,0,0,0,0
145,18941228,historical,deepseek-chat,1,0,0,0,1,0
145,18941228,historical,deepseek-chat,1,0,0,0,0,0
145,18941228,historical,deepseek-chat,0,0,0,0,1,0
145,18941228,historical,deepseek-chat,0,0,0,1,0,0
145,18941228,historical,deepseek-chat,0,0,0,0,0,0
145,18941228,historical,deepseek-chat,0,0,0,0,0,0
145,18941228,historical,deepseek-chat,0,0,0,0,0,0
145,18941228,historical,deepseek-chat,0,0,0,0,0,0
145,18941228,historical,deepseek-chat,0,0,0,0,0,0
145,18941228,historical,deepseek-chat,0,0,0,0,0,0
145,18941228,historical,deepseek-chat,0,0,0,0,0,0
145,18941228,historical,deepseek-chat,0,0,0,0,0,0
145,18941228,historical,deepseek-chat,0,0,0,0,0,0
145,18941228,historical,deepseek-chat,0,0,0,0,0,0
145,18941228,historical,deepseek-chat,0,0,0,0,0,0
145,18941228,historical,deepseek-chat,0,0,0,0,0,0
145,18941228,historical,deepseek-chat,0,0,0,0,0,0
145,18941228,historical,deepseek-chat,0,0,0,0,0,0
145,18941228,historical,deepseek-chat,0,0,0,0,0,0
146,18981128,historical,deepseek-chat,1,0,0,0,1,0
147,18800315,historical,deepseek-chat,0,0,0,0,0,0
148,18851208,historical,deepseek-chat,0,0,0,1,0,0
149,18920208,historical,deepseek-chat,0,0,0,0,1,0
150,18950430,historical,deepseek-chat,0,0,0,0,1,0
151,18980824,historical,deepseek-chat,0,0,0,0,1,0
152,18820408,historical,deepseek-chat,1,0,0,1,1,0
153,18830131,historical,deepseek-chat,0,1,0,0,0,0
153,18830131,historical,deepseek-chat,1,0,1,1,1,0
153,18830131,historical,deepseek-chat,1,0,0,1,0,1
153,18830131,historical,deepseek-chat,0,0,0,1,0,1
154,18870923,historical,deepseek-chat,1,0,0,1,1,0
154,18870923,historical,deepseek-chat,0,1,0,0,0,0
155,18900428,historical,deepseek-chat,1,0,0,1,1,0
155,18900428,historical,deepseek-chat,1,0,0,1,1,0
155,18900428,historical,deepseek-chat,1,0,0,0,0,0
155,18900428,historical,deepseek-chat,1,0,0,0,1,0
156,18920621,historical,deepseek-chat,1,0,0,1,0,0
156,18920621,historical,deepseek-chat,0,1,0,0,0,0
156,18920621,historical,deepseek-chat,0,0,0,0,0,0
157,18960529,historical,deepseek-chat,1,0,1,1,1,0
158,18811107,historical,deepseek-chat,1,1,0,1,0,0
159,18821017,historical,deepseek-chat,0,1,0,0,0,0
160,18830818,historical,deepseek-chat,0,1,0,0,1,0
161,18830904,historical,deepseek-chat,1,1,0,0,0,0
162,18860713,historical,deepseek-chat,0,1,0,0,0,0
163,18880721,historical,deepseek-chat,0,1,0,0,0,0
164,18890925,historical,deepseek-chat,0,1,0,1,0,0
165,18900212,historical,deepseek-chat,0,1,0,0,1,0
165,18900212,historical,deepseek-chat,0,0,0,1,1,0
166,18910606,historical,deepseek-chat,0,1,0,0,0,0
166,18910606,historical,deepseek-chat,0,0,0,0,0,0
166,18910606,historical,deepseek-chat,0,1,0,0,0,0
166,18910606,historical,deepseek-chat,0,1,0,0,0,0
167,18930711,historical,deepseek-chat,0,1,0,0,0,0
167,18930711,historical,deepseek-chat,0,1,0,1,0,0
167,18930711,historical,deepseek-chat,0,0,0,0,0,0
167,18930711,historical,deepseek-chat,0,0,0,0,0,0
167,18930711,historical,deepseek-chat,0,1,0,0,1,0
167,18930711,historical,deepseek-chat,0,0,0,0,0,0
167,18930711,historical,deepseek-chat,0,0,0,0,0,0
168,18950108,historical,deepseek-chat,0,1,0,0,0,0
169,18810326,historical,deepseek-chat,0,0,0,0,0,0
169,18810326,historical,deepseek-chat,0,0,0,0,0,0
170,18870425,historical,deepseek-chat,0,0,0,0,0,0
171,18870811,historical,deepseek-chat,1,0,0,0,0,0
172,18880118,historical,deepseek-chat,0,1,1,0,1,0
173,18881213,historical,deepseek-chat,1,0,0,0,0,0
173,18881213,historical,deepseek-chat,1,0,0,1,0,0
173,18881213,historical,deepseek-chat,1,0,0,1,0,0
173,18881213,historical,deepseek-chat,0,0,0,0,0,0
173,18881213,historical,deepseek-chat,0,0,0,0,0,0
174,18890128,historical,deepseek-chat,0,0,0,0,0,0
174,18890128,historical,deepseek-chat,0,0,0,0,0,0
174,18890128,historical,deepseek-chat,0,0,0,0,0,0
174,18890128,historical,deepseek-chat,0,0,0,0,0,0
175,18910915,historical,deepseek-chat,0,0,0,0,1,0
176,18920818,historical,deepseek-chat,0,0,0,0,0,0
176,18920818,historical,deepseek-chat,0,0,0,1,0,0
176,18920818,historical,deepseek-chat,0,0,0,0,0,0
176,18920818,historical,deepseek-chat,0,0,0,0,1,0
176,18920818,historical,deepseek-chat,0,0,0,0,0,0
177,18951116,historical,deepseek-chat,0,1,0,1,0,0
177,18951116,historical,deepseek-chat,0,0,0,0,0,0
178,18970109,historical,deepseek-chat,1,0,0,0,0,0
178,18970109,historical,deepseek-chat,0,0,0,0,0,0
179,18990214,historical,deepseek-chat,1,0,0,1,1,0
179,18990214,historical,deepseek-chat,1,0,0,0,0,0
180,18991204,historical,deepseek-chat,0,0,0,0,0,0
180,18991204,historical,deepseek-chat,0,0,0,0,0,0
180,18991204,historical,deepseek-chat,0,0,0,0,0,0
182,19911204,modern,deepseek-chat,1,0,0,0,1,0
182,19911204,modern,deepseek-chat,1,0,0,0,0,0
182,19911204,modern,deepseek-chat,0,0,0,0,0,0
182,19911204,modern,deepseek-chat,0,0,0,0,0,0
182,19911204,modern,deepseek-chat,0,0,0,0,0,0
183,19900103,modern,deepseek-chat,0,0,0,0,1,0
184,20090408,modern,deepseek-chat,0,0,1,0,0,0
184,20090408,modern,deepseek-chat,0,0,1,0,0,0
185,20020304,modern,deepseek-chat,0,0,0,0,1,0
185,20020304,modern,deepseek-chat,0,0,0,0,1,0
185,20020304,modern,deepseek-chat,0,0,0,0,1,0
186,19971122,modern,deepseek-chat,1,0,0,0,1,0
187,19930112,modern,deepseek-chat,0,0,0,0,1,0
187,19930112,modern,deepseek-chat,0,0,0,0,1,0
187,19930112,modern,deepseek-chat,0,0,0,0,1,0
187,19930112,modern,deepseek-chat,0,0,0,0,1,0
187,19930112,modern,deepseek-chat,0,0,0,0,1,0
188,19910130,modern,deepseek-chat,0,0,0,0,0,0
189,19981022,modern,deepseek-chat,1,0,0,0,0,1
190,20100125,modern,deepseek-chat,1,0,1,0,0,0
190,20100125,modern,deepseek-chat,1,0,0,0,0,0
191,19970911,modern,deepseek-chat,1,0,0,0,0,0
192,19900320,modern,deepseek-chat,1,0,0,0,1,0
192,19900320,modern,deepseek-chat,1,0,1,0,0,0
192,19900320,modern,deepseek-chat,0,1,0,0,0,0
192,19900320,modern,deepseek-chat,1,0,0,0,1,0
193,19900816,modern,deepseek-chat,0,0,1,0,0,1
193,19900816,modern,deepseek-chat,0,0,0,0,0,0
194,19900205,modern,deepseek-chat,1,0,0,0,1,0
195,19900812,modern,deepseek-chat,0,0,0,0,0,0
195,19900812,modern,deepseek-chat,0,0,0,0,0,0
195,19900812,modern,deepseek-chat,1,1,0,1,0,0
195,19900812,modern,deepseek-chat,0,1,1,0,1,0
195,19900812,modern,deepseek-chat,0,0,0,0,0,0
195,19900812,modern,deepseek-chat,0,0,0,0,0,0
195,19900812,modern,deepseek-chat,1,0,0,0,1,0
195,19900812,modern,deepseek-chat,1,1,0,0,1,0
195,19900812,modern,deepseek-chat,1,0,0,0,1,0
195,19900812,modern,deepseek-chat,0,0,0,0,0,0
195,19900812,modern,deepseek-chat,0,0,0,0,0,0
195,19900812,modern,deepseek-chat,0,0,0,0,0,0
195,19900812,modern,deepseek-chat,1,0,0,0,0,0
196,19910612,modern,deepseek-chat,0,0,0,0,0,0
196,19910612,modern,deepseek-chat,0,0,0,0,0,0
196,19910612,modern,deepseek-chat,0,0,0,0,0,0
196,19910612,modern,deepseek-chat,0,0,0,0,0,0
196,19910612,modern,deepseek-chat,0,0,0,0,0,0
196,19910612,modern,deepseek-chat,0,0,0,0,0,0
196,19910612,modern,deepseek-chat,1,0,0,0,0,0
196,19910612,modern,deepseek-chat,1,0,0,0,0,0
196,19910612,modern,deepseek-chat,0,0,0,0,0,0
196,19910612,modern,deepseek-chat,0,0,0,0,0,0
196,19910612,modern,deepseek-chat,0,0,0,0,0,0
196,19910612,modern,deepseek-chat,0,0,0,0,0,0
196,19910612,modern,deepseek-chat,0,0,0,0,0,0
196,19910612,modern,deepseek-chat,0,0,0,0,1,0
196,19910612,modern,deepseek-chat,0,0,0,0,0,0
196,19910612,modern,deepseek-chat,0,0,0,0,0,0
196,19910612,modern,deepseek-chat,0,0,0,1,0,0
196,19910612,modern,deepseek-chat,0,0,0,0,0,0
196,19910612,modern,deepseek-chat,0,0,0,0,0,0
196,19910612,modern,deepseek-chat,0,0,0,0,0,0
196,19910612,modern,deepseek-chat,0,0,0,0,0,0
196,19910612,modern,deepseek-chat,0,0,0,0,0,0
196,19910612,modern,deepseek-chat,1,0,0,0,0,0
196,19910612,modern,deepseek-chat,1,0,0,0,0,0
196,19910612,modern,deepseek-chat,0,0,0,0,0,0
196,19910612,modern,deepseek-chat,0,0,0,0,0,0
196,19910612,modern,deepseek-chat,0,0,0,0,0,0
196,19910612,modern,deepseek-chat,0,0,0,0,1,0
197,19910707,modern,deepseek-chat,0,0,0,0,0,0
197,19910707,modern,deepseek-chat,0,0,0,0,0,0
197,19910707,modern,deepseek-chat,0,0,0,0,0,0
197,19910707,modern,deepseek-chat,0,0,0,0,0,0
197,19910707,modern,deepseek-chat,0,0,0,0,0,0
197,19910707,modern,deepseek-chat,0,0,0,0,0,0
197,19910707,modern,deepseek-chat,0,0,0,0,0,0
197,19910707,modern,deepseek-chat,0,0,0,0,0,0
197,19910707,modern,deepseek-chat,0,0,0,0,0,0
197,19910707,modern,deepseek-chat,0,0,0,0,0,0
197,19910707,modern,deepseek-chat,0,0,0,0,0,0
197,19910707,modern,deepseek-chat,0,0,1,0,0,0
197,19910707,modern,deepseek-chat,0,0,0,0,0,0
197,19910707,modern,deepseek-chat,0,0,0,0,0,0
197,19910707,modern,deepseek-chat,0,0,0,0,0,0
197,19910707,modern,deepseek-chat,0,0,0,0,0,0
197,19910707,modern,deepseek-chat,0,0,0,0,0,0
197,19910707,modern,deepseek-chat,0,0,0,0,0,0
197,19910707,modern,deepseek-chat,0,0,0,0,0,0
197,19910707,modern,deepseek-chat,0,0,0,0,0,0
197,19910707,modern,deepseek-chat,0,0,0,0,0,0
197,19910707,modern,deepseek-chat,0,0,0,0,0,0
197,19910707,modern,deepseek-chat,0,0,0,0,1,0
197,19910707,modern,deepseek-chat,0,0,0,0,0,0
197,19910707,modern,deepseek-chat,0,0,0,0,0,0
197,19910707,modern,deepseek-chat,0,0,0,0,0,0
197,19910707,modern,deepseek-chat,0,0,0,0,0,0
197,19910707,modern,deepseek-chat,0,0,0,0,0,0
197,19910707,modern,deepseek-chat,0,0,0,0,0,0
198,19911112,modern,deepseek-chat,1,0,0,1,0,0
198,19911112,modern,deepseek-chat,1,0,0,1,0,0
198,19911112,modern,deepseek-chat,1,0,0,1,0,0
198,19911112,modern,deepseek-chat,0,0,0,0,0,0
198,19911112,modern,deepseek-chat,0,0,0,0,0,0
198,19911112,modern,deepseek-chat,0,0,0,0,0,0
198,19911112,modern,deepseek-chat,1,0,0,0,0,0
198,19911112,modern,deepseek-chat,1,0,0,0,0,0
198,19911112,modern,deepseek-chat,1,0,0,0,0,0
198,19911112,modern,deepseek-chat,0,0,0,0,0,0
198,19911112,modern,deepseek-chat,0,0,0,0,0,0
198,19911112,modern,deepseek-chat,0,0,0,0,0,0
198,19911112,modern,deepseek-chat,0,0,0,0,0,0
198,19911112,modern,deepseek-chat,0,0,0,0,0,0
198,19911112,modern,deepseek-chat,0,0,0,0,0,0
198,19911112,modern,deepseek-chat,0,0,0,0,0,0
198,19911112,modern,deepseek-chat,0,0,0,0,0,0
198,19911112,modern,deepseek-chat,0,0,0,0,0,0
198,19911112,modern,deepseek-chat,0,0,0,0,0,0
198,19911112,modern,deepseek-chat,0,0,0,0,0,0
198,19911112,modern,deepseek-chat,0,0,0,0,0,0
198,19911112,modern,deepseek-chat,0,0,0,0,0,0
198,19911112,modern,deepseek-chat,0,0,0,0,0,0
198,19911112,modern,deepseek-chat,0,0,0,0,0,0
198,19911112,modern,deepseek-chat,0,0,0,0,0,0
198,19911112,modern,deepseek-chat,0,0,0,0,0,0
198,19911112,modern,deepseek-chat,0,0,0,0,0,0
198,19911112,modern,deepseek-chat,0,0,0,0,0,0
198,19911112,modern,deepseek-chat,0,0,0,0,0,0
198,19911112,modern,deepseek-chat,0,0,0,0,0,0
198,19911112,modern,deepseek-chat,0,0,0,0,0,0
198,19911112,modern,deepseek-chat,0,0,0,0,0,0
198,19911112,modern,deepseek-chat,0,0,0,0,0,0
199,19920204,modern,deepseek-chat,0,0,0,0,0,0
199,19920204,modern,deepseek-chat,0,0,0,0,0,0
199,19920204,modern,deepseek-chat,0,0,0,0,0,0
199,19920204,modern,deepseek-chat,0,0,0,0,0,0
199,19920204,modern,deepseek-chat,0,0,0,0,0,0
199,19920204,modern,deepseek-chat,0,0,0,0,0,0
199,19920204,modern,deepseek-chat,0,0,0,0,0,0
199,19920204,modern,deepseek-chat,0,0,0,0,0,0
199,19920204,modern,deepseek-chat,0,0,0,0,0,0
199,19920204,modern,deepseek-chat,0,0,0,0,0,0
199,19920204,modern,deepseek-chat,0,0,0,0,0,0
199,19920204,modern,deepseek-chat,0,0,0,0,0,0
199,19920204,modern,deepseek-chat,0,0,0,0,0,0
199,19920204,modern,deepseek-chat,0,0,0,0,0,0
199,19920204,modern,deepseek-chat,0,0,0,0,0,0
199,19920204,modern,deepseek-chat,0,0,0,0,0,0
199,19920204,modern,deepseek-chat,0,0,0,0,0,0
199,19920204,modern,deepseek-chat,0,0,0,0,0,0
199,19920204,modern,deepseek-chat,0,0,0,0,0,0
199,19920204,modern,deepseek-chat,0,0,0,0,0,0
199,19920204,modern,deepseek-chat,0,0,0,0,0,0
199,19920204,modern,deepseek-chat,0,0,0,0,0,0
199,19920204,modern,deepseek-chat,0,0,0,0,0,0
199,19920204,modern,deepseek-chat,0,0,0,0,0,0
199,19920204,modern,deepseek-chat,0,0,0,0,0,0
199,19920204,modern,deepseek-chat,0,0,0,0,0,0
199,19920204,modern,deepseek-chat,0,0,0,0,0,0
199,19920204,modern,deepseek-chat,0,0,0,0,0,0
199,19920204,modern,deepseek-chat,0,0,0,0,0,0
199,19920204,modern,deepseek-chat,0,0,0,0,0,0
199,19920204,modern,deepseek-chat,0,0,0,0,0,0
199,19920204,modern,deepseek-chat,0,0,0,0,0,0
199,19920204,modern,deepseek-chat,0,0,0,0,0,0
199,19920204,modern,deepseek-chat,0,0,0,0,0,0
199,19920204,modern,deepseek-chat,0,0,0,0,0,0
199,19920204,modern,deepseek-chat,0,0,0,0,0,0
199,19920204,modern,deepseek-chat,0,0,0,0,0,0
199,19920204,modern,deepseek-chat,0,0,0,0,0,0
199,19920204,modern,deepseek-chat,0,0,0,0,0,0
199,19920204,modern,deepseek-chat,0,0,0,0,0,0
199,19920204,modern,deepseek-chat,0,0,0,0,0,0
199,19920204,modern,deepseek-chat,0,0,0,0,0,0
199,19920204,modern,deepseek-chat,0,0,0,0,0,0
199,19920204,modern,deepseek-chat,0,0,0,0,0,0
199,19920204,modern,deepseek-chat,1,0,0,0,1,0
199,19920204,modern,deepseek-chat,1,0,0,0,1,0
199,19920204,modern,deepseek-chat,0,0,0,0,0,0
199,19920204,modern,deepseek-chat,0,0,0,0,0,0
199,19920204,modern,deepseek-chat,0,0,0,0,0,0
199,19920204,modern,deepseek-chat,0,0,0,0,0,0
199,19920204,modern,deepseek-chat,0,0,0,0,0,0
199,19920204,modern,deepseek-chat,0,0,0,0,0,0
199,19920204,modern,deepseek-chat,0,0,0,0,0,0
199,19920204,modern,deepseek-chat,0,0,0,0,0,0
199,19920204,modern,deepseek-chat,0,0,0,0,0,0
199,19920204,modern,deepseek-chat,0,0,0,0,0,0
199,19920204,modern,deepseek-chat,0,0,0,0,0,0
199,19920204,modern,deepseek-chat,0,0,0,0,0,0
199,19920204,modern,deepseek-chat,0,0,0,0,0,0
199,19920204,modern,deepseek-chat,0,0,0,0,0,0
199,19920204,modern,deepseek-chat,0,0,0,0,0,0
200,19920510,modern,deepseek-chat,0,0,0,0,0,0
200,19920510,modern,deepseek-chat,0,0,0,0,0,0
200,19920510,modern,deepseek-chat,0,0,0,0,0,0
200,19920510,modern,deepseek-chat,0,0,0,0,0,0
200,19920510,modern,deepseek-chat,0,0,0,0,0,0
200,19920510,modern,deepseek-chat,0,0,0,0,0,0
200,19920510,modern,deepseek-chat,0,0,0,0,0,0
200,19920510,modern,deepseek-chat,0,0,0,0,0,0
200,19920510,modern,deepseek-chat,0,0,0,0,0,0
200,19920510,modern,deepseek-chat,0,0,0,0,0,0
200,19920510,modern,deepseek-chat,0,0,0,0,0,0
200,19920510,modern,deepseek-chat,0,0,0,0,0,0
200,19920510,modern,deepseek-chat,0,0,0,0,0,0
200,19920510,modern,deepseek-chat,0,0,0,0,0,0
200,19920510,modern,deepseek-chat,1,0,0,0,0,0
200,19920510,modern,deepseek-chat,1,0,0,0,0,0
200,19920510,modern,deepseek-chat,0,0,0,0,0,0
200,19920510,modern,deepseek-chat,0,0,0,0,1,0
200,19920510,modern,deepseek-chat,1,0,0,0,1,0
200,19920510,modern,deepseek-chat,0,0,0,0,0,0
200,19920510,modern,deepseek-chat,0,0,0,0,1,0
200,19920510,modern,deepseek-chat,0,0,0,0,1,0
200,19920510,modern,deepseek-chat,0,0,0,0,0,0
200,19920510,modern,deepseek-chat,0,0,0,0,0,0
200,19920510,modern,deepseek-chat,1,0,0,0,1,0
200,19920510,modern,deepseek-chat,0,0,0,0,0,0
200,19920510,modern,deepseek-chat,0,0,0,0,0,0
200,19920510,modern,deepseek-chat,0,0,0,0,0,0
200,19920510,modern,deepseek-chat,0,0,0,0,0,0
200,19920510,modern,deepseek-chat,0,0,0,0,0,0
200,19920510,modern,deepseek-chat,0,0,0,0,0,0
200,19920510,modern,deepseek-chat,0,0,0,0,0,0
200,19920510,modern,deepseek-chat,0,0,0,0,0,0
200,19920510,modern,deepseek-chat,0,0,0,0,0,0
200,19920510,modern,deepseek-chat,0,0,0,0,0,0
200,19920510,modern,deepseek-chat,0,0,0,0,0,0
200,19920510,modern,deepseek-chat,0,0,0,0,0,0
200,19920510,modern,deepseek-chat,0,0,0,0,0,0
200,19920510,modern,deepseek-chat,0,0,0,0,0,0
200,19920510,modern,deepseek-chat,0,1,0,0,0,0
201,19920813,modern,deepseek-chat,0,1,1,1,0,0
201,19920813,modern,deepseek-chat,0,0,0,0,0,0
201,19920813,modern,deepseek-chat,0,0,0,0,0,0
201,19920813,modern,deepseek-chat,0,0,0,0,0,0
201,19920813,modern,deepseek-chat,0,0,0,0,0,0
201,19920813,modern,deepseek-chat,0,0,0,0,0,0
201,19920813,modern,deepseek-chat,0,0,0,0,0,0
201,19920813,modern,deepseek-chat,0,0,0,0,0,0
201,19920813,modern,deepseek-chat,0,0,0,0,0,0
201,19920813,modern,deepseek-chat,0,0,0,0,0,0
201,19920813,modern,deepseek-chat,0,0,0,0,0,0
201,19920813,modern,deepseek-chat,0,0,0,0,0,0
201,19920813,modern,deepseek-chat,0,0,0,0,0,0
201,19920813,modern,deepseek-chat,0,0,0,0,0,0
201,19920813,modern,deepseek-chat,0,0,0,0,0,0
201,19920813,modern,deepseek-chat,0,0,0,0,0,0
201,19920813,modern,deepseek-chat,0,0,0,0,0,0
201,19920813,modern,deepseek-chat,1,0,0,0,0,0
201,19920813,modern,deepseek-chat,1,0,0,0,0,0
202,19920824,modern,deepseek-chat,0,0,0,0,0,0
202,19920824,modern,deepseek-chat,0,0,0,0,0,0
202,19920824,modern,deepseek-chat,0,1,0,0,0,0
202,19920824,modern,deepseek-chat,1,1,0,0,0,0
202,19920824,modern,deepseek-chat,0,0,0,0,0,0
202,19920824,modern,deepseek-chat,0,0,0,0,0,0
202,19920824,modern,deepseek-chat,0,0,0,0,0,0
202,19920824,modern,deepseek-chat,0,0,0,0,0,0
202,19920824,modern,deepseek-chat,0,0,0,0,1,1
202,19920824,modern,deepseek-chat,0,0,0,0,1,0
202,19920824,modern,deepseek-chat,0,0,0,0,0,0
202,19920824,modern,deepseek-chat,0,0,0,0,0,0
202,19920824,modern,deepseek-chat,0,0,0,0,0,0
202,19920824,modern,deepseek-chat,0,0,0,0,0,0
202,19920824,modern,deepseek-chat,0,0,0,0,0,0
202,19920824,modern,deepseek-chat,0,0,0,0,0,0
202,19920824,modern,deepseek-chat,0,0,0,0,0,0
202,19920824,modern,deepseek-chat,0,0,0,0,0,0
202,19920824,modern,deepseek-chat,0,0,0,0,0,0
202,19920824,modern,deepseek-chat,0,0,0,0,0,0
202,19920824,modern,deepseek-chat,0,0,0,0,0,0
202,19920824,modern,deepseek-chat,0,0,0,0,0,0
202,19920824,modern,deepseek-chat,0,0,0,0,0,0
202,19920824,modern,deepseek-chat,0,0,0,0,0,0
202,19920824,modern,deepseek-chat,0,0,0,0,0,0
202,19920824,modern,deepseek-chat,0,0,0,0,0,0
202,19920824,modern,deepseek-chat,0,0,0,0,0,0
202,19920824,modern,deepseek-chat,0,0,0,0,0,0
202,19920824,modern,deepseek-chat,0,0,0,0,0,0
202,19920824,modern,deepseek-chat,0,0,0,0,0,0
202,19920824,modern,deepseek-chat,0,0,0,0,0,0
202,19920824,modern,deepseek-chat,0,0,0,0,0,0
202,19920824,modern,deepseek-chat,0,0,0,0,0,0
202,19920824,modern,deepseek-chat,0,0,0,0,0,0
202,19920824,modern,deepseek-chat,0,0,0,0,0,0
202,19920824,modern,deepseek-chat,0,0,0,0,0,0
202,19920824,modern,deepseek-chat,0,0,0,0,0,0
202,19920824,modern,deepseek-chat,0,0,0,0,0,0
202,19920824,modern,deepseek-chat,1,0,0,0,1,0
203,19920928,modern,deepseek-chat,0,0,0,0,0,0
203,19920928,modern,deepseek-chat,0,0,0,0,0,0
203,19920928,modern,deepseek-chat,0,0,0,0,0,0
203,19920928,modern,deepseek-chat,0,0,0,0,0,0
203,19920928,modern,deepseek-chat,0,0,0,0,0,0
203,19920928,modern,deepseek-chat,0,0,0,0,0,0
203,19920928,modern,deepseek-chat,0,0,0,0,0,0
203,19920928,modern,deepseek-chat,0,0,0,0,0,0
203,19920928,modern,deepseek-chat,0,0,0,0,0,0
203,19920928,modern,deepseek-chat,0,0,0,0,0,0
203,19920928,modern,deepseek-chat,0,0,0,0,0,0
203,19920928,modern,deepseek-chat,0,0,0,0,0,0
203,19920928,modern,deepseek-chat,0,0,0,0,0,0
203,19920928,modern,deepseek-chat,1,0,0,0,1,0
203,19920928,modern,deepseek-chat,0,0,0,0,1,0
203,19920928,modern,deepseek-chat,0,0,0,0,0,0
203,19920928,modern,deepseek-chat,0,0,0,0,0,0
203,19920928,modern,deepseek-chat,1,0,0,0,1,0
203,19920928,modern,deepseek-chat,1,0,0,0,0,0
203,19920928,modern,deepseek-chat,0,0,0,0,0,0
203,19920928,modern,deepseek-chat,0,0,0,0,0,0
203,19920928,modern,deepseek-chat,0,0,0,0,0,0
203,19920928,modern,deepseek-chat,0,0,0,0,0,0
203,19920928,modern,deepseek-chat,0,0,0,0,0,0
204,19930408,modern,deepseek-chat,0,0,0,0,0,0
204,19930408,modern,deepseek-chat,0,0,0,0,0,0
204,19930408,modern,deepseek-chat,0,0,0,0,0,0
204,19930408,modern,deepseek-chat,0,0,0,0,0,0
204,19930408,modern,deepseek-chat,1,0,0,0,0,0
204,19930408,modern,deepseek-chat,0,0,0,0,0,0
204,19930408,modern,deepseek-chat,0,0,0,0,0,0
204,19930408,modern,deepseek-chat,0,0,0,0,0,0
204,19930408,modern,deepseek-chat,0,0,0,0,0,0
204,19930408,modern,deepseek-chat,0,0,0,0,0,0
204,19930408,modern,deepseek-chat,0,0,0,0,0,0
204,19930408,modern,deepseek-chat,0,0,0,0,0,0
204,19930408,modern,deepseek-chat,0,0,0,0,0,0
204,19930408,modern,deepseek-chat,0,0,0,0,0,0
204,19930408,modern,deepseek-chat,0,0,0,0,0,0
204,19930408,modern,deepseek-chat,0,0,0,0,0,0
204,19930408,modern,deepseek-chat,0,0,0,0,0,0
204,19930408,modern,deepseek-chat,0,0,0,0,0,0
204,19930408,modern,deepseek-chat,0,0,0,0,0,0
204,19930408,modern,deepseek-chat,0,0,0,0,0,0
204,19930408,modern,deepseek-chat,1,0,0,1,0,1
204,19930408,modern,deepseek-chat,0,0,1,0,0,0
204,19930408,modern,deepseek-chat,0,0,0,0,0,0
204,19930408,modern,deepseek-chat,0,0,0,0,0,0
204,19930408,modern,deepseek-chat,0,0,0,0,0,0
204,19930408,modern,deepseek-chat,0,0,0,0,0,0
204,19930408,modern,deepseek-chat,0,0,0,0,0,0
204,19930408,modern,deepseek-chat,0,0,0,0,0,0
204,19930408,modern,deepseek-chat,0,0,0,0,0,0
204,19930408,modern,deepseek-chat,1,0,0,1,0,0
205,19900318,modern,deepseek-chat,0,0,0,0,0,0
205,19900318,modern,deepseek-chat,0,0,1,0,0,0
205,19900318,modern,deepseek-chat,0,0,1,0,0,0
205,19900318,modern,deepseek-chat,0,0,0,0,0,0
205,19900318,modern,deepseek-chat,0,0,0,0,0,0
205,19900318,modern,deepseek-chat,0,0,0,0,0,0
205,19900318,modern,deepseek-chat,0,0,0,0,0,0
205,19900318,modern,deepseek-chat,0,0,0,0,0,0
205,19900318,modern,deepseek-chat,0,0,0,0,0,0
205,19900318,modern,deepseek-chat,0,0,0,0,0,0
205,19900318,modern,deepseek-chat,0,0,0,0,0,0
205,19900318,modern,deepseek-chat,0,0,0,0,0,0
205,19900318,modern,deepseek-chat,0,0,0,0,0,0
205,19900318,modern,deepseek-chat,0,0,0,0,0,0
205,19900318,modern,deepseek-chat,0,0,0,0,1,0
205,19900318,modern,deepseek-chat,0,0,0,0,1,0
205,19900318,modern,deepseek-chat,0,0,0,0,1,0
205,19900318,modern,deepseek-chat,0,0,0,1,0,0
205,19900318,modern,deepseek-chat,0,0,0,1,0,0
206,19900408,modern,deepseek-chat,0,0,0,0,1,0
206,19900408,modern,deepseek-chat,0,0,0,0,0,0
206,19900408,modern,deepseek-chat,0,0,0,0,0,0
206,19900408,modern,deepseek-chat,0,0,0,0,0,0
206,19900408,modern,deepseek-chat,0,0,0,0,0,0
206,19900408,modern,deepseek-chat,0,0,0,0,0,0
206,19900408,modern,deepseek-chat,0,0,0,0,0,0
206,19900408,modern,deepseek-chat,0,0,0,0,0,0
206,19900408,modern,deepseek-chat,0,0,0,0,0,0
206,19900408,modern,deepseek-chat,0,0,0,0,0,0
206,19900408,modern,deepseek-chat,0,0,0,0,0,0
206,19900408,modern,deepseek-chat,0,0,0,0,0,0
206,19900408,modern,deepseek-chat,1,0,0,0,0,0
206,19900408,modern,deepseek-chat,1,1,0,0,1,0
206,19900408,modern,deepseek-chat,1,0,0,0,1,0
206,19900408,modern,deepseek-chat,1,0,1,0,0,0
206,19900408,modern,deepseek-chat,0,0,0,0,0,0
206,19900408,modern,deepseek-chat,0,0,0,0,0,0
206,19900408,modern,deepseek-chat,0,0,0,0,0,0
206,19900408,modern,deepseek-chat,0,0,0,0,0,0
206,19900408,modern,deepseek-chat,0,0,0,0,0,0
206,19900408,modern,deepseek-chat,0,0,0,0,0,0
206,19900408,modern,deepseek-chat,0,0,0,0,0,0
206,19900408,modern,deepseek-chat,0,0,0,0,0,0
206,19900408,modern,deepseek-chat,0,0,0,0,0,0
206,19900408,modern,deepseek-chat,0,0,0,0,0,0
207,18900620,historical,deepseek-chat,0,0,0,0,1,0
208,18900410,historical,deepseek-chat,1,0,1,0,1,0
208,18900410,historical,deepseek-chat,1,0,0,1,1,0
208,18900410,historical,deepseek-chat,0,0,0,0,0,0
209,18810909,historical,deepseek-chat,0,0,0,0,0,0
209,18810909,historical,deepseek-chat,0,0,0,0,0,0
209,18810909,historical,deepseek-chat,0,1,0,0,0,0
209,18810909,historical,deepseek-chat,0,0,1,0,0,0
209,18810909,historical,deepseek-chat,0,1,1,0,0,0
209,18810909,historical,deepseek-chat,0,0,0,0,0,0
209,18810909,historical,deepseek-chat,0,0,0,1,0,0
209,18810909,historical,deepseek-chat,0,0,0,0,0,0
209,18810909,historical,deepseek-chat,0,0,0,0,0,0
209,18810909,historical,deepseek-chat,0,0,0,0,0,0
209,18810909,historical,deepseek-chat,0,0,0,0,0,0
209,18810909,historical,deepseek-chat,0,0,0,0,0,0
210,18840818,historical,deepseek-chat,0,1,0,0,0,0
210,18840818,historical,deepseek-chat,1,0,0,1,0,0
210,18840818,historical,deepseek-chat,1,0,0,1,0,0
211,18870507,historical,deepseek-chat,0,0,0,0,1,0
211,18870507,historical,deepseek-chat,0,0,0,0,0,0
211,18870507,historical,deepseek-chat,0,0,0,0,0,0
211,18870507,historical,deepseek-chat,0,0,0,0,0,0
211,18870507,historical,deepseek-chat,0,0,0,0,0,0
211,18870507,historical,deepseek-chat,0,0,0,0,0,0
212,18880607,historical,deepseek-chat,0,0,0,1,0,0
212,18880607,historical,deepseek-chat,0,0,0,0,0,0
212,18880607,historical,deepseek-chat,0,0,0,0,0,0
212,18880607,historical,deepseek-chat,0,0,0,0,0,0
212,18880607,historical,deepseek-chat,0,0,0,0,0,0
212,18880607,historical,deepseek-chat,0,0,0,0,0,0
212,18880607,historical,deepseek-chat,1,0,0,0,1,0
212,18880607,historical,deepseek-chat,1,0,0,0,1,0
213,18880803,historical,deepseek-chat,0,1,0,0,0,0
213,18880803,historical,deepseek-chat,0,1,0,0,1,0
213,18880803,historical,deepseek-chat,1,1,0,0,1,0
213,18880803,historical,deepseek-chat,0,0,0,0,1,0
213,18880803,historical,deepseek-chat,0,0,0,0,1,0
213,18880803,historical,deepseek-chat,0,0,0,0,0,0
213,18880803,historical,deepseek-chat,0,0,0,0,1,0
213,18880803,historical,deepseek-chat,0,0,0,0,1,0
213,18880803,historical,deepseek-chat,1,0,0,0,0,0
213,18880803,historical,deepseek-chat,0,0,0,0,0,0
213,18880803,historical,deepseek-chat,0,0,0,0,0,0
213,18880803,historical,deepseek-chat,0,0,0,0,0,0
213,18880803,historical,deepseek-chat,0,0,0,0,0,0
214,18890712,historical,deepseek-chat,1,0,0,1,1,0
215,18900416,historical,deepseek-chat,0,0,1,1,0,0
215,18900416,historical,deepseek-chat,0,0,0,1,0,0
215,18900416,historical,deepseek-chat,0,0,0,0,0,0
215,18900416,historical,deepseek-chat,1,0,0,0,1,0
215,18900416,historical,deepseek-chat,0,0,0,0,0,0
215,18900416,historical,deepseek-chat,0,0,0,0,0,0
215,18900416,historical,deepseek-chat,0,0,0,0,0,0
215,18900416,historical,deepseek-chat,0,0,0,0,0,0
216,19920628,modern,deepseek-chat,0,0,0,0,0,0
216,19920628,modern,deepseek-chat,0,0,0,0,0,0
216,19920628,modern,deepseek-chat,0,0,0,0,0,0
216,19920628,modern,deepseek-chat,0,0,0,0,0,0
216,19920628,modern,deepseek-chat,1,0,1,0,1,0
216,19920628,modern,deepseek-chat,0,0,0,0,0,0
216,19920628,modern,deepseek-chat,0,0,0,0,0,0
216,19920628,modern,deepseek-chat,0,0,0,0,0,0
216,19920628,modern,deepseek-chat,0,0,0,0,0,0
216,19920628,modern,deepseek-chat,0,0,0,0,0,0
217,19970716,modern,deepseek-chat,0,0,0,0,0,0
217,19970716,modern,deepseek-chat,1,0,0,1,0,0
217,19970716,modern,deepseek-chat,1,0,0,0,0,0
217,19970716,modern,deepseek-chat,0,0,0,0,0,0
217,19970716,modern,deepseek-chat,1,0,0,0,0,0
217,19970716,modern,deepseek-chat,1,0,0,0,0,0
217,19970716,modern,deepseek-chat,1,0,0,0,0,0
217,19970716,modern,deepseek-chat,0,0,0,0,0,0
218,19980522,modern,deepseek-chat,1,0,0,0,0,0
218,19980522,modern,deepseek-chat,1,0,0,0,1,0
218,19980522,modern,deepseek-chat,1,0,0,0,1,0
218,19980522,modern,deepseek-chat,0,0,0,0,1,0
218,19980522,modern,deepseek-chat,0,0,0,0,0,0
218,19980522,modern,deepseek-chat,0,0,0,0,0,0
218,19980522,modern,deepseek-chat,0,0,0,0,0,0
218,19980522,modern,deepseek-chat,0,0,0,0,0,0
218,19980522,modern,deepseek-chat,0,0,0,0,0,0
218,19980522,modern,deepseek-chat,0,0,0,0,0,0
218,19980522,modern,deepseek-chat,0,0,0,0,0,0
218,19980522,modern,deepseek-chat,0,0,0,0,0,0
218,19980522,modern,deepseek-chat,0,0,0,0,0,0
218,19980522,modern,deepseek-chat,0,0,0,0,0,0
218,19980522,modern,deepseek-chat,0,0,0,0,0,0
218,19980522,modern,deepseek-chat,0,0,0,0,0,0
218,19980522,modern,deepseek-chat,0,0,0,0,0,0
218,19980522,modern,deepseek-chat,0,0,0,0,0,0
218,19980522,modern,deepseek-chat,0,0,0,0,0,0
218,19980522,modern,deepseek-chat,0,0,0,0,0,0
218,19980522,modern,deepseek-chat,0,0,0,0,0,0
218,19980522,modern,deepseek-chat,0,0,0,0,0,0
218,19980522,modern,deepseek-chat,0,0,0,0,0,0
218,19980522,modern,deepseek-chat,0,0,0,0,0,0
218,19980522,modern,deepseek-chat,0,0,1,0,0,0
218,19980522,modern,deepseek-chat,0,0,0,0,0,0
219,19900619,modern,deepseek-chat,0,0,0,0,0,0
219,19900619,modern,deepseek-chat,0,0,0,0,0,0
219,19900619,modern,deepseek-chat,0,0,0,0,0,0
219,19900619,modern,deepseek-chat,0,0,0,0,0,0
219,19900619,modern,deepseek-chat,0,0,0,0,0,0
219,19900619,modern,deepseek-chat,0,0,0,0,0,0
219,19900619,modern,deepseek-chat,0,0,0,0,0,0
219,19900619,modern,deepseek-chat,0,0,0,0,0,0
219,19900619,modern,deepseek-chat,0,0,0,0,0,0
219,19900619,modern,deepseek-chat,0,0,0,0,0,0
219,19900619,modern,deepseek-chat,0,0,0,0,0,0
219,19900619,modern,deepseek-chat,0,0,0,0,0,0
219,19900619,modern,deepseek-chat,0,0,0,0,0,0
219,19900619,modern,deepseek-chat,0,0,0,0,1,0
219,19900619,modern,deepseek-chat,0,0,0,0,0,0
219,19900619,modern,deepseek-chat,0,0,0,0,0,0
219,19900619,modern,deepseek-chat,1,0,0,0,0,0
219,19900619,modern,deepseek-chat,1,0,0,0,0,0
219,19900619,modern,deepseek-chat,0,0,0,0,0,0
219,19900619,modern,deepseek-chat,0,0,0,0,0,0
219,19900619,modern,deepseek-chat,1,0,0,0,0,0
219,19900619,modern,deepseek-chat,1,0,0,0,0,0
219,19900619,modern,deepseek-chat,0,0,0,0,0,0
219,19900619,modern,deepseek-chat,0,0,0,0,0,0
219,19900619,modern,deepseek-chat,0,0,0,0,0,0
219,19900619,modern,deepseek-chat,0,0,0,0,0,0
219,19900619,modern,deepseek-chat,0,0,0,0,0,0
219,19900619,modern,deepseek-chat,0,0,0,0,0,0
219,19900619,modern,deepseek-chat,0,0,0,0,1,0
219,19900619,modern,deepseek-chat,0,0,0,0,0,0
219,19900619,modern,deepseek-chat,0,0,0,0,0,0
219,19900619,modern,deepseek-chat,1,0,0,0,0,0
219,19900619,modern,deepseek-chat,1,0,0,0,0,0
219,19900619,modern,deepseek-chat,0,0,0,0,0,0
219,19900619,modern,deepseek-chat,0,0,0,0,0,0
219,19900619,modern,deepseek-chat,1,0,0,0,0,0
219,19900619,modern,deepseek-chat,1,0,0,0,0,0
220,19900622,modern,deepseek-chat,0,0,0,0,0,0
220,19900622,modern,deepseek-chat,0,0,0,0,0,0
220,19900622,modern,deepseek-chat,0,0,0,0,0,0
220,19900622,modern,deepseek-chat,0,0,0,0,0,0
220,19900622,modern,deepseek-chat,0,0,0,0,0,0
220,19900622,modern,deepseek-chat,0,0,0,0,0,0
220,19900622,modern,deepseek-chat,0,0,0,0,0,0
220,19900622,modern,deepseek-chat,0,0,0,0,0,0
220,19900622,modern,deepseek-chat,0,0,0,0,0,0
220,19900622,modern,deepseek-chat,0,0,0,0,0,0
220,19900622,modern,deepseek-chat,0,0,0,0,0,0
220,19900622,modern,deepseek-chat,0,0,0,0,0,0
220,19900622,modern,deepseek-chat,0,0,0,0,0,0
220,19900622,modern,deepseek-chat,0,0,0,0,0,0
220,19900622,modern,deepseek-chat,0,0,0,0,0,0
220,19900622,modern,deepseek-chat,0,0,0,0,0,0
220,19900622,modern,deepseek-chat,0,0,0,0,0,0
220,19900622,modern,deepseek-chat,0,0,0,0,0,0
220,19900622,modern,deepseek-chat,0,0,0,0,0,0
220,19900622,modern,deepseek-chat,1,0,0,0,1,0
220,19900622,modern,deepseek-chat,0,0,0,0,0,0
220,19900622,modern,deepseek-chat,0,0,0,0,0,0
220,19900622,modern,deepseek-chat,0,0,0,0,1,0
220,19900622,modern,deepseek-chat,0,0,0,0,1,0
220,19900622,modern,deepseek-chat,0,0,0,0,1,0
220,19900622,modern,deepseek-chat,0,0,0,0,1,0
220,19900622,modern,deepseek-chat,0,0,0,0,0,0
220,19900622,modern,deepseek-chat,0,0,0,0,0,0
220,19900622,modern,deepseek-chat,0,0,0,0,0,0
220,19900622,modern,deepseek-chat,0,0,0,0,0,0
220,19900622,modern,deepseek-chat,0,0,0,0,0,0
220,19900622,modern,deepseek-chat,0,0,0,0,0,0
220,19900622,modern,deepseek-chat,0,0,0,0,1,1
220,19900622,modern,deepseek-chat,1,0,0,0,1,1
220,19900622,modern,deepseek-chat,0,0,0,0,1,0
220,19900622,modern,deepseek-chat,0,0,0,0,0,0
220,19900622,modern,deepseek-chat,0,0,0,0,0,0
220,19900622,modern,deepseek-chat,0,0,0,0,0,0
220,19900622,modern,deepseek-chat,0,0,0,0,1,0
220,19900622,modern,deepseek-chat,0,0,0,0,0,0
220,19900622,modern,deepseek-chat,0,0,0,0,0,0
220,19900622,modern,deepseek-chat,0,0,0,0,0,0
220,19900622,modern,deepseek-chat,0,0,0,0,0,0
221,19970719,modern,deepseek-chat,1,1,1,1,1,1
222,19920216,modern,deepseek-chat,1,1,1,1,1,0
223,19980816,modern,deepseek-chat,1,1,1,0,1,1
224,20001110,modern,deepseek-chat,1,0,0,1,1,1
225,19960725,modern,deepseek-chat,1,0,0,1,1,1
226,20070722,modern,deepseek-chat,1,0,0,0,1,0
227,19930730,modern,deepseek-chat,1,0,0,0,0,0
228,19970510,modern,deepseek-chat,1,0,0,1,0,0
229,19961204,modern,deepseek-chat,1,0,0,1,1,0
230,19961017,modern,deepseek-chat,1,0,0,1,1,1
231,20080630,modern,deepseek-chat,1,0,0,1,0,0
232,19961228,modern,deepseek-chat,1,0,0,1,1,1
233,20001123,modern,deepseek-chat,1,1,1,1,1,0
234,19900129,modern,deepseek-chat,0,0,0,0,0,0
235,19980124,modern,deepseek-chat,1,0,1,1,1,1
236,19980107,modern,deepseek-chat,1,0,0,0,1,0
237,19980109,modern,deepseek-chat,1,0,0,1,1,1
238,19990203,modern,deepseek-chat,1,0,0,0,1,0
239,20080105,modern,deepseek-chat,1,1,1,0,0,0
240,20071223,modern,deepseek-chat,1,0,0,1,0,0
241,19921115,modern,deepseek-chat,0,0,0,0,0,0
242,20020201,modern,deepseek-chat,1,0,0,0,0,0
243,19980115,modern,deepseek-chat,1,0,0,0,1,0
244,19980118,modern,deepseek-chat,1,0,0,0,1,0
245,19970106,modern,deepseek-chat,1,0,0,0,1,0
246,20070113,modern,deepseek-chat,1,0,1,1,0,0
247,18900911,historical,deepseek-chat,1,0,0,0,0,0
248,18830914,historical,deepseek-chat,0,1,0,1,0,0
249,18820707,historical,deepseek-chat,0,1,0,0,0,0
250,18950122,historical,deepseek-chat,0,0,0,0,1,0
251,18950124,historical,deepseek-chat,1,0,1,1,1,0
252,18870401,historical,deepseek-chat,1,0,0,0,0,0
253,18811010,historical,deepseek-chat,0,0,0,0,1,0
254,18870115,historical,deepseek-chat,1,0,0,0,0,0
255,18891227,historical,deepseek-chat,0,0,0,0,0,0
256,18860422,historical,deepseek-chat,1,0,0,1,0,0
257,18860424,historical,deepseek-chat,1,0,0,1,1,0
258,18860610,historical,deepseek-chat,1,0,0,1,0,0
259,18840107,historical,deepseek-chat,1,0,0,0,1,0
260,18850217,historical,deepseek-chat,1,0,1,0,0,0
261,18960427,historical,deepseek-chat,1,0,0,0,0,0
262,18940330,historical,deepseek-chat,1,0,0,0,0,0
263,18900718,historical,deepseek-chat,1,0,0,0,0,0
264,18840527,historical,deepseek-chat,0,0,0,0,0,0
265,18921018,historical,deepseek-chat,0,1,0,1,0,0
266,18941218,historical,deepseek-chat,0,0,0,0,0,0
267,18960728,historical,deepseek-chat,0,1,0,1,0,0
268,18970514,historical,deepseek-chat,0,1,0,1,0,0
269,18980629,historical,deepseek-chat,0,0,0,0,0,0
270,18980802,historical,deepseek-chat,0,0,0,0,1,0
271,18990919,historical,deepseek-chat,0,1,0,1,0,1
272,18991018,historical,deepseek-chat,0,0,0,0,0,0
273,18871229,historical,deepseek-chat,1,0,0,0,0,0
274,18940216,historical,deepseek-chat,1,0,0,0,0,0
275,19920709,modern,deepseek-chat,0,0,0,0,0,0
276,19950518,modern,deepseek-chat,0,0,0,0,0,0
277,19930724,modern,deepseek-chat,1,1,1,1,0,0
278,19960726,modern,deepseek-chat,1,0,0,1,1,1
279,19901103,modern,deepseek-chat,0,0,0,0,0,0
280,20070627,modern,deepseek-chat,1,0,0,0,1,0
281,19910825,modern,deepseek-chat,0,0,0,0,0,0
282,20050102,modern,deepseek-chat,1,0,0,0,0,0
283,19910801,modern,deepseek-chat,0,0,0,0,0,0
284,19941118,modern,deepseek-chat,0,0,0,0,0,0
285,19900825,modern,deepseek-chat,0,0,0,0,0,0
286,20010411,modern,deepseek-chat,1,0,0,1,0,1
287,20060103,modern,deepseek-chat,0,0,0,0,0,0
288,20101208,modern,deepseek-chat,1,0,0,0,0,0
289,18850216,historical,deepseek-chat,1,0,0,1,0,0
290,18880119,historical,deepseek-chat,0,0,0,0,1,0
291,18881219,historical,deepseek-chat,1,0,1,0,0,0
292,18901217,historical,deepseek-chat,0,0,0,0,1,0
293,18920428,historical,deepseek-chat,0,0,0,0,0,0
294,18920722,historical,deepseek-chat,0,1,0,0,0,0
295,18990705,historical,deepseek-chat,0,0,0,0,0,0
296,18821117,historical,deepseek-chat,0,0,0,0,0,0
297,18850128,historical,deepseek-chat,0,0,0,0,0,0
298,18850204,historical,deepseek-chat,0,0,0,0,0,0
299,18861122,historical,deepseek-chat,0,0,0,0,1,0
300,18880502,historical,deepseek-chat,0,1,0,0,0,0
301,18910226,historical,deepseek-chat,0,0,0,0,0,0
302,18910508,historical,deepseek-chat,0,1,0,0,0,0
303,18910514,historical,deepseek-chat,0,0,0,0,0,0
304,18960219,historical,deepseek-chat,0,0,0,0,0,0
305,18960806,historical,deepseek-chat,0,0,0,0,0,0
306,18800804,historical,deepseek-chat,0,0,0,0,0,0
307,18801201,historical,deepseek-chat,1,0,0,0,1,0
308,18840213,historical,deepseek-chat,0,0,0,0,0,0
309,18880810,historical,deepseek-chat,0,0,0,0,0,0
310,18890520,historical,deepseek-chat,1,0,0,1,0,0
311,18900120,historical,deepseek-chat,0,0,0,0,0,0
312,18941003,historical,deepseek-chat,0,0,0,0,0,0
313,18950807,historical,deepseek-chat,0,0,0,0,0,0
314,18951104,historical,deepseek-chat,0,0,0,0,0,0
315,18840331,historical,deepseek-chat,0,1,1,0,0,0
316,18871119,historical,deepseek-chat,0,0,0,0,0,0
317,18890817,historical,deepseek-chat,0,0,0,0,0,0
318,18920812,historical,deepseek-chat,1,0,0,0,0,0
319,18951019,historical,deepseek-chat,0,0,0,0,0,0
320,18970127,historical,deepseek-chat,0,0,0,0,1,0
321,18990517,historical,deepseek-chat,1,0,0,0,1,0
322,19900224,modern,deepseek-chat,0,0,0,0,0,0
323,19900327,modern,deepseek-chat,1,0,0,0,0,0
324,19900409,modern,deepseek-chat,0,0,0,0,0,0
325,19900301,modern,deepseek-chat,1,0,0,0,0,0
326,19900108,modern,deepseek-chat,0,0,0,0,0,0
327,20070501,modern,deepseek-chat,0,0,1,0,0,1
328,19920413,modern,deepseek-chat,0,0,0,0,0,0
329,19930218,modern,deepseek-chat,0,0,0,0,0,0
330,18800907,historical,deepseek-chat,0,0,0,0,0,0
331,18810117,historical,deepseek-chat,0,0,0,0,0,0
332,18870613,historical,deepseek-chat,0,1,0,0,0,0
333,18870708,historical,deepseek-chat,1,0,0,0,0,0
334,18870711,historical,deepseek-chat,0,0,0,0,0,0
335,18890522,historical,deepseek-chat,0,0,0,0,0,0
336,19910523,modern,deepseek-chat,0,0,0,0,0,0
337,19910724,modern,deepseek-chat,0,0,0,0,0,0
338,19920616,modern,deepseek-chat,0,0,0,0,0,0
339,19930626,modern,deepseek-chat,0,0,0,0,0,0
340,19941025,modern,deepseek-chat,0,0,0,0,0,0
341,19950717,modern,deepseek-chat,1,0,0,0,1,0
342,19960720,modern,deepseek-chat,0,1,0,0,0,0
343,19970620,modern,deepseek-chat,0,0,0,0,0,0
344,19900323,modern,deepseek-chat,0,0,0,0,0,0
345,19900106,modern,deepseek-chat,0,0,0,0,0,0
346,19900131,modern,deepseek-chat,0,0,0,0,0,0
347,19900411,modern,deepseek-chat,0,0,0,0,0,0
348,19900228,modern,deepseek-chat,0,0,0,0,0,0
349,19900120,modern,deepseek-chat,0,0,0,0,0,0
350,20000129,modern,deepseek-chat,0,0,0,0,0,0
